,RowNumber,CustomerId,Surname,CreditScore,Geography,Gender,Age,Tenure,Balance,NumOfProducts,HasCrCard,IsActiveMember,EstimatedSalary,Exited
0,9001,15723217,Cremonesi,616,France,Male,37,9,0,1,1,0,111312.96,0
1,9002,15733111,Yeh,688,Spain,Male,32,6,124179.3,1,1,1,138759.15,0
2,9003,15610727,Ch'in,605,France,Male,36,7,128829.25,1,1,0,190588.59,0
3,9004,15792720,Martinez,676,France,Male,33,6,171490.78,1,0,0,79099.64,0
4,9005,15723153,Wearing,708,Spain,Male,33,3,0,2,1,0,138613.21,0
5,9006,15802823,Maclean,745,Spain,Female,38,7,0,2,1,1,194230.82,0
6,9007,15756118,T'ao,661,Spain,Male,20,8,0,1,1,0,110252.53,0
7,9008,15684934,Rose,726,France,Male,31,9,0,2,1,1,106117.3,0
8,9009,15776936,Whitworth,475,France,Male,40,7,160818.08,1,0,1,169642.13,0
9,9010,15729087,Suttor,751,Germany,Male,54,9,156367.6,2,0,1,116179.92,0
10,9011,15786463,Hsing,645,Germany,Female,59,8,121669.93,2,0,0,91.75,1
11,9012,15717498,Boni,775,France,Male,42,6,133970.22,2,0,1,187839.9,0
12,9013,15718406,Marshall,540,France,Male,41,3,0,2,1,0,121098.65,0
13,9014,15799468,Catchpole,591,France,Female,34,3,96127.27,1,0,0,30972.06,0
14,9015,15626383,Tang,596,Spain,Male,60,7,121907.97,1,0,1,30314.04,0
15,9016,15597385,Siddons,573,Spain,Male,41,5,0,2,0,1,14479.29,0
16,9017,15570271,Wan,577,Spain,Male,31,6,0,1,1,1,196395.25,0
17,9018,15690330,Efimov,830,Germany,Female,40,8,77701.64,1,0,1,19512.38,0
18,9019,15680611,Rose,663,France,Male,67,9,0,3,1,1,72318.77,1
19,9020,15810227,Fanucci,421,France,Male,34,2,0,2,1,1,96615.23,0
20,9021,15807194,Iweobiegbulam,718,Spain,Male,34,5,113922.44,2,1,0,30772.22,0
21,9022,15712199,Ijendu,655,Germany,Female,61,2,183997.7,2,1,1,161217.18,0
22,9023,15694995,O'Sullivan,712,France,Male,23,2,0,2,0,1,66795.78,0
23,9024,15723400,Hutchinson,663,France,Male,28,4,0,2,1,1,123969.64,0
24,9025,15654772,Kwemto,640,France,Female,47,6,89799.46,2,0,1,13783.77,0
25,9026,15574743,Chiu,577,Spain,Male,29,2,0,1,1,1,168924.41,0
26,9027,15807593,Berry,546,Spain,Female,36,7,85660.96,1,0,0,134778.01,0
27,9028,15686718,Hung,802,Germany,Male,37,9,115569.21,1,0,1,119782.89,0
28,9029,15695299,Mordvinova,590,France,Female,45,2,81828.22,1,1,0,52167.97,0
29,9030,15722701,Bruno,594,Germany,Male,18,1,132694.73,1,1,0,167689.56,0
30,9031,15799635,Arbour,577,Spain,Male,51,2,108867,1,0,0,140800.66,0
31,9032,15742323,Barese,541,France,Male,39,7,0,2,1,0,19823.02,0
32,9033,15658435,Hingston,781,France,Female,27,5,0,2,0,0,72969.9,0
33,9034,15586029,Davis,806,Germany,Male,34,2,96152.68,2,1,0,143711.02,0
34,9035,15772337,Lawrence,723,Germany,Female,49,0,153855.52,1,1,1,180862.26,0
35,9036,15807555,Chung,535,France,Male,45,2,0,2,1,0,125658.28,0
36,9037,15603378,Padovano,768,France,Female,36,3,141334.95,1,0,1,125870.5,0
37,9038,15792862,Blinova,653,Germany,Male,41,1,104584.11,1,1,0,15126.32,0
38,9039,15657349,Carter,803,Germany,Female,50,8,98173.02,1,0,0,22457.25,1
39,9040,15777614,Webb,545,Spain,Female,44,1,0,2,1,1,82614.89,0
40,9041,15653952,T'an,581,Germany,Female,38,3,135157.05,1,1,1,32919.42,0
41,9042,15724336,Yates,513,Germany,Female,49,5,171601.27,1,1,0,126223.84,1
42,9043,15689594,Su,731,France,Male,29,5,179539.2,1,0,0,112010.02,0
43,9044,15801920,Christian,727,Germany,Male,39,5,80615.46,2,0,0,180962.32,0
44,9045,15653347,Chiu,560,Spain,Male,47,1,0,1,0,0,128882.66,0
45,9046,15749951,Sacco,766,Germany,Male,27,5,126285.73,1,1,0,177614.17,0
46,9047,15648178,Lettiere,630,Germany,Female,23,4,137964.51,1,0,1,174570.55,0
47,9048,15738662,Daluchi,652,Germany,Male,41,9,159434.03,1,1,0,178373.93,0
48,9049,15640855,T'ien,729,Germany,Male,40,5,113574.61,2,1,0,103396.08,0
49,9050,15584288,Hung,629,France,Female,33,6,0,2,1,1,59129.72,0
50,9051,15760988,Liu,667,Germany,Male,33,9,124573.33,2,0,0,683.37,0
51,9052,15569624,Feng,671,Germany,Female,31,6,105864.6,2,1,0,145567.34,0
52,9053,15597949,Gilbert,768,Germany,Female,47,5,104552.61,1,1,0,48137.08,1
53,9054,15604551,Robb,732,France,Female,35,3,0,2,1,0,90876.95,0
54,9055,15617476,Manfrin,546,France,Female,30,5,0,2,0,1,198543.09,0
55,9056,15645323,Chinwenma,630,France,Male,55,2,0,1,1,1,106202.07,0
56,9057,15793311,Smith,765,Germany,Female,46,8,119492.88,2,0,1,166896.01,0
57,9058,15764153,Rowe,704,France,Female,33,0,130499.09,2,1,1,74804.36,0
58,9059,15802560,Moran,470,Spain,Female,48,6,140576.11,1,1,1,116971.05,0
59,9060,15728608,Walker,688,Germany,Female,34,9,91025.58,2,0,1,163783,0
60,9061,15770474,Myers,685,France,Female,33,1,0,3,0,1,70221.13,0
61,9062,15724444,Wall,567,France,Female,38,1,125877.65,2,1,1,107841.77,0
62,9063,15753110,McKay,720,Spain,Male,64,3,45752.78,2,1,0,79623.28,0
63,9064,15711521,Egobudike,609,France,Male,39,3,121778.71,1,1,1,138399.67,0
64,9065,15632816,Williams,521,Germany,Female,49,2,127948.57,1,1,1,182765.14,0
65,9066,15693637,Ochoa,556,France,Female,30,7,0,2,1,1,186648.19,0
66,9067,15725509,Otutodilinna,662,Germany,Male,30,5,115286.68,2,1,1,149587.92,0
67,9068,15684645,Ajuluchukwu,704,Germany,Male,41,9,62078.21,2,1,0,129050.67,0
68,9069,15692235,Bellucci,750,France,Female,38,1,0,2,1,0,47764.99,0
69,9070,15777459,Gordon,619,Spain,Female,32,4,175406.13,2,1,1,172792.43,0
70,9071,15656937,Johnston,468,Spain,Male,26,1,131643.25,1,1,0,64436.16,0
71,9072,15610643,De Luca,435,Germany,Male,44,3,151739.65,1,1,0,167461.5,0
72,9073,15777315,Hill,529,France,Male,43,6,93616.35,2,0,0,98348.66,0
73,9074,15611058,Eluemuno,702,Germany,Female,60,5,138597.54,2,1,1,41536.59,0
74,9075,15630413,Howarth,608,France,Female,41,5,0,2,1,1,72462.25,0
75,9076,15635942,Thomson,576,France,Male,40,9,0,2,1,0,112465.19,0
76,9077,15648858,King,666,France,Female,27,1,85225.21,1,0,1,64511.44,0
77,9078,15810732,Grant,730,France,Female,36,8,148749.29,2,1,0,91830.75,0
78,9079,15705448,Gilbert,647,Germany,Male,52,7,130013.12,1,1,1,190806.36,0
79,9080,15730488,Richmond,516,Spain,Female,27,1,0,1,0,1,112311.15,0
80,9081,15620443,Fiorentino,711,France,Female,81,6,0,2,1,1,72276.24,0
81,9082,15741078,Greece,736,France,Male,54,7,111729.47,2,0,1,84920.49,0
82,9083,15753161,Dickson,768,France,Female,36,5,180169.44,2,1,0,17348.56,0
83,9084,15711396,Henderson,427,Spain,Male,40,8,0,2,1,1,82870.75,0
84,9085,15593499,Stevens,686,Spain,Female,47,6,0,1,1,0,32080.69,0
85,9086,15579189,Mitchell,690,France,Female,42,5,0,2,0,1,120512.08,0
86,9087,15743545,Nworie,647,Spain,Female,29,2,0,2,1,0,179032.68,0
87,9088,15791316,Boni,714,France,Male,35,3,0,2,1,1,95623.28,0
88,9089,15608246,Wentcher,736,Germany,Female,36,8,103914.17,1,1,1,110035.88,0
89,9090,15676526,Bentley,608,France,Female,34,4,88772.87,1,1,1,168822.01,0
90,9091,15813911,Hayes-Williams,809,France,Female,39,5,0,1,1,0,77705.75,0
91,9092,15630195,Johnstone,745,France,Female,40,6,131184.67,1,1,1,49815.62,0
92,9093,15736250,Johnstone,781,France,Male,38,2,117810.79,1,0,1,65632.33,0
93,9094,15671334,Nixon,527,France,Male,31,4,0,1,1,0,169361.89,0
94,9095,15574169,Trevisano,595,Germany,Female,32,0,92466.21,1,1,0,4721.3,0
95,9096,15718839,Tsui,850,Germany,Female,38,2,102741.15,2,0,1,23974.85,0
96,9097,15762331,Moss,569,France,Male,37,9,178755.84,1,1,0,199929.17,0
97,9098,15606901,Graham,728,France,Male,43,7,0,2,1,0,40023.7,0
98,9099,15713559,Onyemauchechukwu,473,Germany,Female,32,5,146602.25,2,1,1,72946.95,0
99,9100,15768881,Saunders,738,France,Male,29,2,0,2,1,1,170421.13,0
100,9101,15743075,Ko,659,France,Male,35,6,0,2,1,1,58879.11,0
101,9102,15660980,Cairns,597,Spain,Male,38,6,115702.67,2,1,1,25059.05,0
102,9103,15810942,Chiemela,445,Germany,Female,61,2,137655.31,1,0,1,29909.84,0
103,9104,15728362,Robertson,671,France,Female,29,3,0,2,1,0,158043.11,0
104,9105,15683339,P'eng,656,Spain,Female,34,6,59877.33,1,1,0,14032.62,0
105,9106,15685476,Tseng,658,France,Male,31,5,100082.14,1,0,1,49809.88,0
106,9107,15663650,Russell,698,Germany,Male,52,10,107304.39,3,1,0,28806.32,1
107,9108,15617434,Yen,655,Spain,Male,38,9,0,1,0,1,90490.33,0
108,9109,15622470,Yeh,772,Spain,Male,41,10,96032.22,1,1,1,75825.57,0
109,9110,15703682,Kalinina,681,Spain,Male,33,10,0,1,0,0,158336.36,0
110,9111,15727391,Collier,688,Germany,Male,29,9,144553.5,2,1,0,143454.95,0
111,9112,15711062,Thomas,633,Germany,Male,40,5,86172.81,2,1,1,117279.49,0
112,9113,15567339,Shaw,735,France,Male,73,9,0,1,1,1,114283.33,0
113,9114,15760662,Francis,521,Germany,Female,29,2,87212.8,1,1,1,994.86,0
114,9115,15605737,George,541,France,Male,36,5,0,2,1,0,124795.84,0
115,9116,15692977,Ikenna,612,Germany,Female,36,2,130700.92,2,0,0,77592.8,0
116,9117,15672082,Schatz,562,France,Male,62,3,0,2,1,0,105986.01,0
117,9118,15600280,Tao,703,France,Female,32,6,0,2,0,0,33606.52,0
118,9119,15804052,Scott,710,Spain,Male,23,6,0,2,1,1,134188.11,0
119,9120,15576065,Sims,731,Spain,Female,40,5,171325.98,1,1,1,159718.27,0
120,9121,15796838,Chibugo,703,Spain,Male,58,4,92930.92,1,0,1,85148.78,0
121,9122,15693526,Ku,618,France,Female,40,0,0,1,1,0,119059.13,0
122,9123,15748595,Stanton,689,France,Female,29,1,77556.79,2,1,1,122998.26,0
123,9124,15679029,Kung,718,France,Male,33,7,102874.28,1,0,0,117841.06,0
124,9125,15753639,Gibson,608,France,Male,37,5,146093.39,2,0,0,160593.41,0
125,9126,15604138,Iheanacho,749,Spain,Male,34,2,0,1,0,0,174189.04,0
126,9127,15666095,Costa,753,Spain,Male,51,4,79811.72,2,0,1,68260.27,0
127,9128,15643487,Sal,630,Spain,Male,39,10,105473.74,1,0,0,58854.88,0
128,9129,15764033,Lin,693,Germany,Female,43,1,121927.92,1,1,0,87994.95,0
129,9130,15747288,Ferri,838,Spain,Female,40,6,61671.19,1,0,1,150659.35,0
130,9131,15790599,Yin,756,Germany,Female,39,5,149363.12,2,1,1,109098.39,0
131,9132,15737705,Avdeyeva,775,France,Female,27,4,152309.37,1,1,0,104112,0
132,9133,15737194,Tu,635,France,Female,33,5,0,2,1,0,122949.71,0
133,9134,15726776,Donnelly,705,Spain,Male,36,1,111629.29,1,1,1,21807.16,0
134,9135,15804357,Loggia,481,France,Male,40,3,0,1,1,1,32319.93,0
135,9136,15664432,Chao,727,Spain,Female,49,7,96296.78,1,1,0,190457.87,0
136,9137,15688984,Belonwu,595,France,Male,20,4,95830.43,1,1,0,177738.98,0
137,9138,15583026,Welch,535,France,Female,38,0,135919.33,1,1,0,80425.65,0
138,9139,15771668,Henderson,578,France,Male,59,10,185966.64,1,0,0,9445.42,1
139,9140,15779904,Yobanna,597,France,Female,29,5,0,2,1,1,174825.57,0
140,9141,15784323,Gallo,449,France,Female,21,7,0,2,0,0,175743.92,0
141,9142,15756277,Wilson,850,Germany,Female,43,8,92244.83,2,1,0,54949.73,0
142,9143,15663312,Marino,494,France,Female,35,9,112727.06,2,1,0,183752.91,0
143,9144,15793197,Bailey,676,France,Female,34,8,100359.54,1,0,0,46038.28,0
144,9145,15731463,Gboliwe,818,Germany,Male,43,10,105301.5,1,1,1,78941.59,0
145,9146,15621768,Chukwuhaenye,712,Spain,Male,45,6,112994.65,1,0,0,198398.68,0
146,9147,15691323,Bianchi,672,Germany,Male,40,4,89025.88,2,1,0,188892.19,0
147,9148,15781326,Ford,636,France,Male,35,9,95478.17,1,0,0,169286.74,0
148,9149,15595640,Rizzo,698,France,Male,37,8,0,2,0,0,145004.39,0
149,9150,15814331,Lung,597,Germany,Female,43,7,119127.46,2,1,0,55809.92,0
150,9151,15602030,Ramirez,717,France,Male,28,4,128206.79,1,1,1,54272.12,0
151,9152,15747974,Sabbatini,614,France,Male,49,1,0,2,1,0,192440.54,0
152,9153,15611315,Ts'ao,708,Germany,Female,23,4,71433.08,1,1,0,103697.57,0
153,9154,15636977,Trevisan,507,Germany,Male,36,9,118214.32,3,1,0,119110.03,1
154,9155,15690337,Chinwenma,581,France,Female,27,5,102258.11,2,1,0,194681.6,0
155,9156,15680666,Berry,579,Spain,Female,39,2,151963.26,2,1,0,158948.63,0
156,9157,15679551,Colombo,504,Spain,Female,46,2,163764.84,1,1,1,165122.55,0
157,9158,15778915,Harris,737,France,Female,32,7,128551.36,2,0,1,189402.71,0
158,9159,15568849,Bryan,540,Spain,Female,31,10,118158.74,1,1,1,158027.57,0
159,9160,15747762,Chigozie,609,France,Male,32,7,118520.41,1,0,0,3815.48,0
160,9161,15753679,Mullawirraburka,778,France,Male,24,4,0,2,1,1,162809.2,0
161,9162,15750049,Steele,621,France,Male,40,10,163823.37,1,0,0,89519.47,0
162,9163,15606097,Zakharov,665,Germany,Male,63,7,104469.58,1,1,1,25165.36,0
163,9164,15802368,Ch'eng,608,France,Female,47,6,0,1,1,1,126012.57,0
164,9165,15767488,Berry,680,Spain,Male,36,7,0,2,1,0,20109.21,0
165,9166,15669946,Jen,663,Germany,Female,46,2,141726.88,1,1,1,58257.23,0
166,9167,15612103,Wang,627,Germany,Female,35,2,137852.96,1,1,1,172269.21,0
167,9168,15645353,Chubb,607,France,Male,26,1,0,1,1,0,29818.2,0
168,9169,15650018,Chen,681,France,Female,43,8,154100.3,1,0,0,114659.81,0
169,9170,15659002,Mazzanti,766,France,Female,45,6,0,2,0,0,147184.74,0
170,9171,15616028,T'ao,694,France,Male,30,2,0,3,0,1,15039.41,0
171,9172,15660475,Ndubueze,411,France,Female,54,9,0,1,0,1,76621.49,0
172,9173,15652615,Ferri,742,France,Male,39,8,140004.96,1,1,1,92985.78,0
173,9174,15653572,Thornton,673,Spain,Male,43,8,127132.96,1,0,1,6009.27,0
174,9175,15628059,DeRose,529,France,Male,61,1,0,2,1,1,191370.97,0
175,9176,15703413,Montes,519,France,Female,38,7,125328.56,1,1,0,188225.67,0
176,9177,15610433,Kwemto,573,France,Male,35,9,0,2,1,0,11743.89,0
177,9178,15770548,Lucchese,453,Germany,Female,28,3,139986.65,1,1,0,136846.75,0
178,9179,15645637,Huggins,798,Germany,Female,39,6,119787.76,1,1,1,164248.33,0
179,9180,15590888,Wade,693,Spain,Female,34,10,107556.06,2,0,0,154631.35,0
180,9181,15568326,Kenenna,637,France,Female,44,2,0,2,1,0,149665.65,0
181,9182,15655368,Wheeler,672,France,Male,47,1,0,1,0,0,91574.92,0
182,9183,15665579,Cartwright,597,France,Female,28,0,142705.95,1,1,0,127233.39,0
183,9184,15676091,Iloerika,543,France,Male,42,7,0,1,1,1,56650.47,0
184,9185,15716984,Palermo,695,Spain,Female,56,4,0,2,1,0,84644.76,0
185,9186,15715078,Nkemakolam,584,France,Male,35,6,161613.94,2,1,1,148238.16,0
186,9187,15569452,Butler,652,Germany,Female,58,3,116353.2,2,0,1,193502.9,0
187,9188,15628863,Calabresi,601,France,Male,38,4,60013.81,1,1,1,38020.05,0
188,9189,15778192,Nkemdilim,628,Spain,Male,28,4,0,2,1,1,176750.81,0
189,9190,15793723,Ch'iu,607,Germany,Male,32,9,144272.07,2,1,0,176580.63,0
190,9191,15798943,Alexander,646,France,Female,46,8,0,2,1,0,133059.15,0
191,9192,15764708,Chiabuotu,572,France,Male,30,6,117696.67,1,1,0,100843.82,0
192,9193,15791040,Vasilyeva,801,Spain,Male,58,1,79954.61,2,1,1,30484.19,0
193,9194,15631512,Schneider,597,France,Female,26,8,149989.39,1,1,0,42330.58,0
194,9195,15640106,Mason,613,France,Male,40,7,124339.9,1,0,0,193309.58,0
195,9196,15710315,Chukwukadibia,529,Germany,Male,29,4,135759.4,1,0,0,112813.79,0
196,9197,15771535,Tsui,794,Spain,Female,37,9,0,2,1,0,68008.85,0
197,9198,15611947,Banks,557,France,Male,34,3,83074,1,1,0,132673.22,0
198,9199,15670266,Shih,499,France,Female,28,4,141792.61,1,1,1,22001.91,0
199,9200,15609083,Tretiakova,544,France,Female,26,6,0,1,1,0,100200.4,0
200,9201,15567923,Barese,739,France,Female,30,6,0,1,0,0,122604.44,0
201,9202,15788183,Longo,458,Germany,Female,43,1,106870.12,2,1,0,100564.37,0
202,9203,15735782,MacDonald,528,France,Male,31,9,120962.59,1,1,0,5419.31,0
203,9204,15774401,Chambers,773,Spain,Male,51,4,0,2,0,0,123587.83,0
204,9205,15737971,Cowen,646,France,Female,30,5,0,2,1,0,13935.32,0
205,9206,15758750,Iweobiegbunam,564,France,Male,31,0,110527.17,1,1,1,87060.77,0
206,9207,15611767,Mai,624,Germany,Female,52,0,133723.43,1,0,0,4859.59,1
207,9208,15643770,Yu,682,France,Female,52,5,112670.48,1,1,0,21085.17,1
208,9209,15744717,Duffy,726,France,Female,44,2,0,2,1,1,26733.86,0
209,9210,15570681,Chiang,560,France,Male,24,1,116084.32,1,1,0,89734.7,0
210,9211,15792650,Watts,382,Spain,Male,36,0,0,1,1,1,179540.73,0
211,9212,15605531,Daly,457,Spain,Female,38,6,0,2,1,0,173219.09,0
212,9213,15605339,Baker,673,France,Female,37,10,0,2,1,1,37411.35,0
213,9214,15672216,Uvarov,584,France,Female,40,4,82441.75,1,0,0,80852.11,0
214,9215,15812893,Costa,629,France,Female,39,10,0,2,1,1,43174.49,0
215,9216,15624180,Genovesi,584,Germany,Female,37,10,134171.8,4,1,1,70927.11,1
216,9217,15701364,Doherty,724,France,Male,30,10,0,2,1,1,54265.55,0
217,9218,15762588,Kaleski,644,France,Male,31,5,0,2,1,1,41872.17,0
218,9219,15806318,Wright,676,Germany,Female,48,2,124442.38,1,1,0,15068.53,1
219,9220,15712596,Huang,499,France,Male,31,4,0,1,1,0,25950.49,0
220,9221,15600399,Trentino,598,France,Male,60,4,0,1,1,0,197727.14,1
221,9222,15576216,Chienezie,655,Germany,Female,37,4,108862.76,1,1,0,79555.08,0
222,9223,15620750,Sugden,559,France,Male,28,3,141099.43,1,1,1,15607.27,0
223,9224,15623489,Tu,543,France,Female,67,0,128843.67,1,1,1,134612.48,0
224,9225,15667944,Onuchukwu,679,France,Male,39,0,86843.61,1,0,1,159830.58,0
225,9226,15584928,Ugochukwutubelum,594,Germany,Female,32,4,120074.97,2,1,1,162961.79,0
226,9227,15779913,Davidson,586,France,Male,27,5,130231.8,2,1,1,192427.16,0
227,9228,15644977,Goddard,776,France,Female,31,5,0,2,1,0,92647.94,0
228,9229,15749679,Beck,699,France,Male,39,2,109724.38,1,1,1,180022.39,0
229,9230,15629010,Beam,847,Germany,Female,35,5,111743.43,1,1,1,183584.14,0
230,9231,15768465,Sheppard,582,Germany,Male,35,8,121309.17,2,1,1,28750.67,0
231,9232,15767781,Godfrey,648,France,Male,38,10,82697.28,1,1,0,74846.67,0
232,9233,15635364,Gray,618,France,Female,49,9,44301.43,3,1,1,89729.3,1
233,9234,15722004,Hsiung,543,France,Female,31,4,138317.94,1,0,0,61843.73,0
234,9235,15766044,Cameron,642,Germany,Male,49,4,120688.61,1,1,0,24770.22,1
235,9236,15586680,Fleming,462,France,Male,27,4,176913.52,1,1,0,80587.27,0
236,9237,15635388,Austin,640,Spain,Male,47,6,89047.14,1,1,0,116286.25,0
237,9238,15655175,Wallace,740,Germany,Male,40,4,114318.78,2,1,0,129333.69,0
238,9239,15639133,Ku,773,France,Female,50,4,0,2,1,0,129372.94,0
239,9240,15799653,Fiorentino,583,Germany,Female,32,7,94753.55,2,1,1,18149.03,0
240,9241,15723872,Buccho,589,Spain,Female,46,10,0,2,0,1,168369.37,0
241,9242,15775627,Gordon,509,France,Male,35,8,0,2,0,1,67431.28,0
242,9243,15630704,Haworth,612,Germany,Male,32,9,106520.73,2,1,0,177092.16,0
243,9244,15815534,Guidry,505,Spain,Male,37,0,134006.39,1,1,1,93736.69,0
244,9245,15697249,Lettiere,546,Germany,Female,25,3,132837.7,1,1,0,131647.31,0
245,9246,15681316,Tai,681,France,Female,41,0,120549.29,2,1,0,175722.31,0
246,9247,15682523,Chigozie,762,France,Male,20,1,139432.55,1,1,1,85606.83,0
247,9248,15650244,Bezrukov,786,Spain,Male,29,7,80895.44,2,1,0,64945.57,0
248,9249,15648638,Chia,629,Spain,Male,34,6,0,2,1,0,190347.72,0
249,9250,15795747,Sheppard,787,Spain,Female,39,7,171646.76,1,0,1,100791.36,0
250,9251,15607330,Vasilyev,713,Spain,Male,42,0,109121.71,1,0,1,167873.49,0
251,9252,15624013,Maxwell,541,France,Female,39,6,109844.81,1,1,0,25289.23,0
252,9253,15800805,Maher,451,France,Female,31,7,140931.82,1,0,1,20388.77,0
253,9254,15667321,Cocci,644,Spain,Male,49,10,0,2,1,1,145089.64,0
254,9255,15601116,P'an,686,France,Male,32,6,0,2,1,1,179093.26,0
255,9256,15622033,Rapuluchukwu,847,Germany,Female,41,3,101543.51,4,1,0,16025.17,1
256,9257,15758451,Azuka,765,Germany,Male,37,7,102708.77,1,1,0,9087.81,0
257,9258,15688689,Esposito,678,Germany,Female,37,8,149000.91,2,1,1,21472.42,0
258,9259,15652674,Hou,539,France,Male,20,0,83459.86,1,1,1,146752.67,0
259,9260,15806327,Cyril,800,France,Female,40,3,75893.11,2,1,0,132562.23,0
260,9261,15649618,Tomlinson,799,Germany,Female,39,7,167395.6,2,0,1,139537.43,0
261,9262,15677117,Crawford,629,France,Female,61,6,0,2,1,1,133672.61,0
262,9263,15751445,Chikwado,734,Germany,Female,52,6,71283.09,2,0,1,38984.37,0
263,9264,15749669,Hargreaves,542,France,Female,31,3,0,2,1,1,115217.59,0
264,9265,15656351,Laidley,414,Spain,Male,60,3,0,2,1,1,93844.82,0
265,9266,15667438,Ferguson,675,France,Female,38,1,104016.88,1,0,0,22068.83,0
266,9267,15682273,Burns,683,France,Female,38,5,127616.56,1,1,0,123846.07,0
267,9268,15580912,McNeill,748,France,Male,32,5,154737.88,2,1,1,172638.13,0
268,9269,15785183,Chukwuebuka,596,Spain,Male,29,2,0,2,1,1,1591.19,0
269,9270,15705383,Shen,642,France,Male,35,4,125476.31,1,1,1,91775.51,0
270,9271,15712903,Diaz,499,France,Female,21,3,176511.08,1,1,1,153920.22,0
271,9272,15774285,Kentish,649,Spain,Female,47,8,110783.28,1,1,1,71420.16,0
272,9273,15583138,Persse,739,France,Male,42,2,141642.92,2,1,0,172149.76,0
273,9274,15740160,Okwukwe,616,France,Male,31,1,0,2,1,1,54706.75,0
274,9275,15793425,Watt,560,Spain,Female,33,9,0,1,0,1,183358.21,0
275,9276,15749265,Carslaw,427,Germany,Male,42,1,75681.52,1,1,1,57098,0
276,9277,15623989,Griffin,435,France,Male,54,3,0,1,1,0,156910.46,1
277,9278,15604832,Hsia,633,France,Male,29,7,0,1,1,1,130224.73,0
278,9279,15584580,Fyodorova,443,France,Male,35,6,161111.45,1,0,0,13946.66,0
279,9280,15573854,Chukwujekwu,727,France,Male,62,5,0,2,0,1,38652.96,0
280,9281,15614847,Townsend,674,France,Female,45,6,72494.69,1,0,1,140041.78,0
281,9282,15679966,Marsh,661,France,Female,31,3,133964.3,1,1,1,166187.1,0
282,9283,15799435,Hayes,619,Spain,Male,34,1,0,1,1,0,139919.38,0
283,9284,15752186,Padovano,562,France,Female,27,3,0,2,1,0,28137.03,0
284,9285,15705544,Ma,633,France,Male,61,3,157201.48,1,0,1,50368.63,0
285,9286,15713632,Ham,551,Spain,Female,48,5,95679.29,1,0,0,94978.1,0
286,9287,15586523,Paten,720,Germany,Female,29,7,106230.92,1,1,1,69903.93,0
287,9288,15609176,Cawthorne,688,France,Female,32,5,0,2,0,1,177607.77,0
288,9289,15769308,Herbert,635,Germany,Female,36,9,81231.85,2,1,0,196731.08,0
289,9290,15676810,Jen,561,France,Female,31,1,81480.27,2,1,1,65234.6,0
290,9291,15634591,Saunders,850,France,Male,33,8,73059.38,1,1,1,186281,0
291,9292,15679804,Esquivel,636,France,Male,36,5,117559.05,2,1,1,111573.3,0
292,9293,15677764,Chao,461,Germany,Female,74,1,186445.31,2,1,1,196767.83,0
293,9294,15571917,Eluemuno,771,Germany,Female,38,5,137657.71,2,1,0,72985.61,0
294,9295,15574608,Sidorova,713,France,Male,36,8,133889.35,1,1,1,143265.65,0
295,9296,15740868,Pirogova,658,Germany,Female,45,9,134562.8,1,1,1,159268.67,0
296,9297,15702442,Benson,586,Germany,Female,56,9,100781.75,2,1,1,54448.41,0
297,9298,15699797,Santana,737,France,Male,30,8,174356.13,1,0,0,31928.5,0
298,9299,15648047,Williamson,742,Germany,Male,27,5,190125.43,2,0,0,21793.59,0
299,9300,15766826,North,824,France,Male,26,7,146266,1,1,0,21903.62,0
300,9301,15591628,Davies,701,Germany,Male,41,9,164046.1,1,1,0,49405.93,0
301,9302,15583857,Siciliano,623,Spain,Female,43,4,123536.52,2,0,0,154908.52,0
302,9303,15752534,Mironov,744,France,Male,36,10,0,2,1,1,182867.84,0
303,9304,15741403,Amechi,698,Spain,Female,38,1,171848.38,1,0,0,16957.45,0
304,9305,15783589,Toscano,616,France,Male,40,9,0,2,0,0,93717.55,0
305,9306,15598046,Su,662,France,Female,39,5,139562.05,2,1,0,61636.22,0
306,9307,15643330,Chukwuemeka,594,France,Male,37,2,0,2,0,1,95864.5,0
307,9308,15680405,P'eng,685,France,Male,40,2,168001.34,2,1,1,167400.29,0
308,9309,15728683,Lombardo,742,France,Male,27,0,0,2,0,1,131534.96,0
309,9310,15621644,Lombardi,678,Germany,Male,83,6,123356.63,1,0,1,92934.41,0
310,9311,15733032,Butler,651,Spain,Male,47,2,0,2,1,1,119808.64,0
311,9312,15608381,Dean,585,Germany,Male,50,2,125845.66,1,1,0,9439.31,1
312,9313,15658946,Piccio,579,Germany,Male,40,10,45408.85,2,1,0,18732.91,0
313,9314,15757912,Bradley,722,Germany,Female,37,0,125977.81,1,0,0,160162.42,0
314,9315,15645371,Cameron,613,Germany,Female,51,7,147262.11,1,1,1,53630.9,0
315,9316,15653110,Chan,694,France,Male,42,8,133767.19,1,1,0,36405.21,0
316,9317,15766355,Lettiere,550,Germany,Male,49,0,108806.96,3,1,0,61446.92,1
317,9318,15585249,Mironova,741,France,Male,42,6,106036.52,1,1,0,194686.78,0
318,9319,15611786,Tsui,668,Spain,Female,69,9,0,1,0,1,134483.07,0
319,9320,15575486,Okoli,529,France,Female,27,1,0,2,1,1,37769.98,0
320,9321,15780215,Berry,636,France,Male,31,6,0,2,1,1,2382.61,0
321,9322,15686099,Ruse,563,Spain,Male,61,1,82182.1,1,1,0,106826.92,1
322,9323,15739042,Bogolyubov,767,France,Female,35,9,0,2,1,0,39511.61,0
323,9324,15815316,Kennedy,644,France,Male,50,9,76817,4,1,0,196371.13,1
324,9325,15778489,Bolton,780,Germany,Male,71,9,142550.25,2,1,1,122506.78,0
325,9326,15786389,Chuang,635,Spain,Female,41,10,0,2,1,1,61994.2,0
326,9327,15601787,Greco,641,Germany,Male,35,2,103711.56,1,0,1,192464.21,0
327,9328,15624715,Ma,593,Spain,Female,40,2,0,1,1,1,5194.95,0
328,9329,15763093,Nucci,540,Germany,Female,35,7,128369.75,2,1,0,198256.15,0
329,9330,15572073,Yao,663,Spain,Male,35,5,0,2,1,1,62634.94,0
330,9331,15780256,Palfreyman,630,France,Male,34,9,0,2,1,1,114006.35,0
331,9332,15659305,Webster,605,Germany,Male,19,8,166133.28,1,1,1,107994.99,0
332,9333,15638882,Cardell,710,Germany,Female,62,9,148214.36,1,1,0,48571.14,1
333,9334,15714680,Bianchi,755,France,Female,78,5,121206.96,1,1,1,76016.49,0
334,9335,15777217,Somadina,641,Spain,Male,25,10,0,2,1,1,180808.39,0
335,9336,15739123,Mellor,737,Germany,Male,50,4,127552.85,2,1,0,4225.11,0
336,9337,15594450,Tomlinson,695,France,Male,49,9,159458.53,1,1,0,135841.35,0
337,9338,15797751,Pai,466,Germany,Female,47,5,102085.72,1,1,1,183536.24,0
338,9339,15691543,Lennox,558,Germany,Male,58,2,142537.18,1,1,1,88791.83,0
339,9340,15722845,Meldrum,665,Spain,Male,29,1,182781.74,2,1,1,63732.9,0
340,9341,15605804,Watson,737,France,Male,45,10,0,2,1,0,1364.54,0
341,9342,15702061,Findlay,654,France,Male,29,7,0,2,1,1,149184.15,0
342,9343,15694321,Su,619,France,Female,28,3,0,2,1,0,53394.12,0
343,9344,15798749,Davidson,845,Germany,Female,43,3,152063.59,2,1,0,97910.06,0
344,9345,15720050,Barrett,727,France,Female,28,2,110997.76,1,1,0,101433.76,0
345,9346,15758048,Miah,582,France,Male,50,2,148942,1,1,1,116944.3,0
346,9347,15805681,Chamberlain,716,France,Male,41,9,0,1,1,1,113267.48,0
347,9348,15802809,Vidal,660,Spain,Female,36,0,84438.57,1,1,1,181449.51,0
348,9349,15807239,Lung,664,France,Female,34,7,93920.47,1,0,0,179913.98,0
349,9350,15749093,Tretyakova,801,France,Male,43,4,158713.08,2,0,0,98586.14,0
350,9351,15689344,Montgomery,615,Spain,Male,42,4,0,3,0,1,120321.09,1
351,9352,15606076,Golubev,718,Germany,Male,63,7,123204.88,1,1,1,100538.8,0
352,9353,15610090,Han,667,France,Male,40,8,72945.29,2,1,0,98931.5,0
353,9354,15693926,Pan,670,Spain,Male,37,0,178742.71,1,1,1,194493.57,0
354,9355,15791501,Carroll,590,France,Male,43,8,0,2,1,1,143628.31,0
355,9356,15621870,Hawkins,739,Spain,Female,40,8,0,1,1,0,167030.51,0
356,9357,15734711,Loggia,373,France,Male,42,7,0,1,1,0,77786.37,1
357,9358,15814405,Chesnokova,418,France,Female,46,9,0,1,1,1,81014.5,0
358,9359,15729359,Chambers,837,France,Female,29,9,0,2,1,1,41866.26,0
359,9360,15606944,Fleming,645,Germany,Male,43,9,140121.17,1,1,0,11302.7,0
360,9361,15671934,Veale,552,Germany,Male,39,2,132906.88,1,0,1,149384.43,0
361,9362,15641773,Browne,580,Germany,Male,45,2,179334.83,2,1,1,169303.65,0
362,9363,15701972,Parsons,684,France,Male,35,3,137179.39,1,1,1,37264.11,0
363,9364,15749114,Bailey,634,Spain,Male,35,3,0,2,1,1,19515.48,0
364,9365,15780362,Ferrari,607,France,Female,49,9,119960.29,2,1,0,103068.22,0
365,9366,15753229,Genovese,802,France,Male,29,9,127414.55,1,1,1,134459.12,0
366,9367,15656009,McIntyre,736,France,Female,36,6,0,1,1,0,70496.66,0
367,9368,15785024,Warner,629,France,Female,40,9,137409.19,1,1,0,175877.7,0
368,9369,15670492,Gordon,737,France,Male,28,8,0,2,1,0,106390.01,0
369,9370,15795458,McMillan,718,Spain,Female,39,2,0,1,1,1,52138.49,0
370,9371,15732438,Cheng,561,France,Male,43,4,0,4,0,0,18522.91,1
371,9372,15781987,Akhtar,641,France,Male,31,9,112494.99,1,1,1,32231.6,0
372,9373,15775826,Iadanza,677,France,Male,30,1,78133.15,1,0,1,174225.88,0
373,9374,15807457,Abernathy,641,Spain,Female,36,1,0,2,1,0,102021.39,0
374,9375,15632538,Watson,658,Spain,Female,32,5,145553.07,1,1,1,31484.76,0
375,9376,15641389,Shen,659,Germany,Male,48,4,123593.22,2,1,0,82469.06,0
376,9377,15657306,Kershaw,567,France,Female,47,2,0,1,0,0,110900.43,0
377,9378,15709447,Reed,584,France,Female,26,0,146286.22,1,1,0,105105.35,0
378,9379,15762682,Mitchell,709,Spain,Female,35,1,111827.27,2,1,0,12674.68,0
379,9380,15626042,Webb,690,Spain,Female,26,2,0,2,1,1,93255.85,0
380,9381,15597109,Vanzetti,627,France,Male,70,1,94416.78,1,0,1,145299.5,0
381,9382,15756148,Nnanna,765,Spain,Male,45,2,91549.78,1,1,1,47139.44,0
382,9383,15665634,Campbell,645,France,Female,38,7,59568.57,1,1,1,167723.25,0
383,9384,15739997,Capon,716,France,Female,23,2,94464.81,2,0,1,185900.88,0
384,9385,15686242,Otutodilichukwu,771,France,Female,57,4,0,1,0,0,85876.67,1
385,9386,15759244,Boone,687,Germany,Male,44,8,95368.14,2,1,1,1787.85,0
386,9387,15672027,McIntyre,717,Germany,Female,33,10,102185.42,2,1,0,23231.93,0
387,9388,15594576,Zhdanov,524,France,Male,32,1,144875.71,1,0,0,187740.04,0
388,9389,15707138,Nagy,679,Spain,Male,39,5,0,2,1,1,100060.54,0
389,9390,15756954,Lombardo,538,France,Female,32,2,0,1,1,1,80130.54,0
390,9391,15619130,Simpson,752,Germany,Female,37,5,113291.05,2,1,1,132467.54,0
391,9392,15639665,Herbert,846,Spain,Male,61,0,0,2,1,1,96202.44,0
392,9393,15571065,Lehr,532,Spain,Female,39,0,0,2,1,0,94977.3,0
393,9394,15686060,Chou,670,Germany,Male,43,9,111677.88,1,1,0,178827.3,0
394,9395,15615753,Upchurch,597,Germany,Female,35,8,131101.04,1,1,1,192852.67,0
395,9396,15800961,Ugorji,627,Germany,Male,52,1,76101.81,2,0,1,177238.35,0
396,9397,15763065,Palerma,700,Spain,Female,40,2,0,2,1,0,199753.97,0
397,9398,15672467,Coles,766,France,Female,52,7,92510.9,2,0,1,66193.61,0
398,9399,15752915,Hsueh,488,France,Female,34,2,0,2,1,1,181270.84,0
399,9400,15744695,Tu,694,France,Male,39,5,77652.4,1,1,1,25407.59,0
400,9401,15584897,Kuo,639,France,Female,31,3,98360.03,1,0,0,20973.8,0
401,9402,15601857,Woodhouse,705,Germany,Female,46,4,115518.07,1,0,0,76544.9,0
402,9403,15674156,Tretiakova,810,Germany,Male,69,3,27288.43,1,1,1,110509.9,0
403,9404,15695465,Gibson,638,France,Female,36,6,0,1,1,0,164247.51,0
404,9405,15792232,Moss,595,Spain,Female,43,5,0,2,0,0,105149.8,0
405,9406,15807900,Chineze,575,France,Male,36,7,0,1,1,1,55868.97,0
406,9407,15743760,Davidson,850,France,Male,31,6,131996.66,2,1,1,178747.43,0
407,9408,15652835,Liang,419,Spain,Female,27,2,121580.42,1,0,1,134720.51,0
408,9409,15767818,Graham,640,France,Male,55,10,132436.34,1,1,0,978.66,1
409,9410,15591150,Nwebube,570,Spain,Male,34,10,0,2,0,1,183387.12,0
410,9411,15734659,Sozonov,640,Germany,Female,46,5,107978.4,2,1,0,155876.06,0
411,9412,15796115,Forbes,689,Germany,Female,40,4,78119.59,4,1,0,119259.34,1
412,9413,15724648,Chikezie,725,France,Male,26,6,98684.15,1,0,0,133720.57,0
413,9414,15737732,Onwuemelie,751,France,Female,44,10,0,2,1,0,170634.49,0
414,9415,15632280,Toth,544,Spain,Female,53,9,0,1,1,0,125692.07,1
415,9416,15750407,Hunt,768,Germany,Female,43,2,129264.05,2,0,0,19150.14,0
416,9417,15795370,Mazure,648,Germany,Male,37,6,131753.41,1,1,0,86894.67,0
417,9418,15656829,Hughes,577,Spain,Female,33,6,0,2,1,0,57975.8,0
418,9419,15643794,Bennett,639,Spain,Female,27,2,0,1,1,1,82938.99,0
419,9420,15798605,Tien,686,Germany,Male,26,1,57422.62,1,1,1,79189.4,0
420,9421,15637324,Kay,657,France,Female,28,7,0,2,0,1,5177.62,0
421,9422,15589589,Bryan,613,France,Male,34,5,144094.2,1,1,0,44510.26,0
422,9423,15778936,Ingamells,701,France,Male,33,9,147510.34,1,1,0,190611.92,0
423,9424,15757385,Milne,578,Spain,Female,28,8,161592.76,1,1,0,177834.79,0
424,9425,15666200,Lombardo,689,France,Female,40,1,0,2,1,1,119446.64,0
425,9426,15683977,Owens,687,Spain,Female,72,4,0,2,1,1,50267.69,0
426,9427,15675518,Charlton,499,Spain,Female,53,1,75225.53,2,0,0,144849.1,0
427,9428,15584812,Overby,693,Spain,Female,39,0,0,2,0,0,81901.6,0
428,9429,15752984,Chifley,737,France,Female,70,9,87542.89,2,1,1,42576.86,0
429,9430,15577913,Oliver,651,France,Female,32,8,144581.96,1,1,1,87609.5,0
430,9431,15591980,Hill,753,France,Male,33,5,122568.05,2,1,1,82820.85,0
431,9432,15598948,DeRose,523,Spain,Female,24,5,172231.93,1,0,1,155144.12,0
432,9433,15574142,Chuang,458,Germany,Female,28,2,171932.26,2,1,1,9578.24,0
433,9434,15582903,Edwards,643,France,Male,39,7,0,2,1,1,170392.59,0
434,9435,15733229,Rodriguez,638,Spain,Female,34,7,0,2,0,0,3946.29,0
435,9436,15635752,Lo,685,Germany,Male,38,4,111798.06,2,1,1,102184.66,0
436,9437,15771000,Powell,684,France,Male,38,4,0,3,1,0,75609.84,1
437,9438,15804864,Chu,670,France,Female,27,5,79336.61,1,1,1,26170.08,0
438,9439,15641175,Munro,701,Germany,Male,63,3,120916.52,3,0,0,144727.45,1
439,9440,15692226,Onwumelu,705,France,Female,31,3,142905.51,1,1,1,58134.97,0
440,9441,15584156,Siciliani,593,Spain,Male,27,10,0,3,0,0,94620,0
441,9442,15702656,Yobachi,651,France,Female,33,1,96834.78,1,1,0,108764.69,0
442,9443,15606552,Akabueze,741,France,Male,37,9,105261.76,2,1,1,149503.54,0
443,9444,15687001,Chiemenam,596,Germany,Male,54,1,123544,1,1,1,120314.75,0
444,9445,15781903,Odinakachukwu,581,Germany,Male,41,2,127913.71,2,1,1,44205.95,0
445,9446,15731951,Reilly,689,Spain,Female,28,5,95328.6,1,1,0,6129.61,0
446,9447,15580953,Forbes,544,France,Male,30,4,73218.89,1,0,1,126796.69,0
447,9448,15810390,Amadi,718,France,Female,41,1,0,2,0,1,27509.52,0
448,9449,15628274,Ferri,583,Germany,Male,35,8,149995.72,2,1,0,42143.55,0
449,9450,15615444,Y?an,663,Germany,Male,28,8,123674.28,2,1,1,87985.2,0
450,9451,15784010,Williamson,666,Germany,Male,33,2,124125.26,1,1,0,81884.8,0
451,9452,15571586,Briggs,524,Spain,Male,29,3,159035.45,1,1,0,2705.31,0
452,9453,15748616,Napolitani,599,France,Male,27,5,0,2,1,0,30546.4,0
453,9454,15769402,Carpenter,667,France,Male,27,7,156811.74,1,1,1,149402.59,0
454,9455,15739248,Lin,727,France,Male,52,4,0,2,1,1,118429.02,0
455,9456,15603481,Robinson,689,Spain,Female,55,4,0,2,1,1,58442.25,0
456,9457,15723604,Collins,639,France,Male,39,6,150555.83,1,1,0,30414.17,0
457,9458,15797822,Kingsley,678,France,Male,28,2,109137.12,1,1,1,58814.41,0
458,9459,15665064,Harvey,523,France,Male,36,8,158351.02,2,1,0,155304.53,0
459,9460,15640580,Obiora,650,France,Female,47,9,0,1,1,0,187943.6,0
460,9461,15581089,Knight,744,Spain,Male,35,7,0,2,1,1,43036.6,0
461,9462,15728605,Hung,697,France,Male,40,4,0,2,0,1,26543.28,0
462,9463,15737385,Curtis,800,Spain,Female,46,6,0,2,1,0,171928.04,0
463,9464,15714789,Perez,664,France,Male,24,7,0,1,0,1,35611.35,0
464,9465,15786035,Gosnell,740,France,Male,39,9,0,2,1,0,19047.23,0
465,9466,15815259,Fang,835,France,Female,56,2,0,2,1,1,39820.13,0
466,9467,15592716,Clarke,559,France,Male,52,2,0,1,1,0,129013.59,1
467,9468,15734850,Milanesi,676,Spain,Male,36,1,82729.49,1,1,0,113810.12,0
468,9469,15638047,Chia,613,Germany,Female,45,9,142765.24,2,1,0,34749.65,0
469,9470,15674573,Gearhart,713,France,Female,25,4,121172.97,1,1,1,56268.98,0
470,9471,15694859,McLean,751,Germany,Female,28,10,132932.14,2,1,1,46630.47,0
471,9472,15776404,Williamson,523,France,Male,22,8,123374.46,1,1,1,124906.59,0
472,9473,15579345,Murphy,775,Germany,Female,74,0,161371.5,1,1,1,134869.93,0
473,9474,15690733,Angelo,608,Spain,Male,45,4,0,2,0,0,36697.48,0
474,9475,15631481,Thomson,673,France,Male,51,8,79563.36,2,1,1,172200.91,0
475,9476,15620988,Murray,616,France,Male,46,2,0,2,1,0,137136.46,0
476,9477,15571529,Kirby,650,Germany,Female,48,7,138232.24,1,1,0,57594.78,1
477,9478,15592104,Lane,655,France,Female,41,5,0,1,0,0,36548,0
478,9479,15651900,Bergamaschi,782,Germany,Female,53,1,81571.05,1,1,0,182960.46,1
479,9480,15596212,Yang,781,Spain,Male,35,1,0,2,0,0,42117.9,0
480,9481,15710687,Mills,593,France,Female,33,0,95927.04,1,1,0,199478.05,0
481,9482,15613787,Chidubem,505,Spain,Male,35,8,116932.59,1,1,0,91092.84,0
482,9483,15599211,Findlay,707,France,Male,40,1,0,2,1,0,14090.4,0
483,9484,15675983,Wood,692,France,Female,36,3,79551.12,1,0,1,178267.07,0
484,9485,15622370,Boyle,813,Germany,Male,30,1,116416.94,1,0,1,85808.22,0
485,9486,15656319,Toscano,850,Spain,Male,37,4,88141.1,1,1,0,109659.12,0
486,9487,15605130,Seccombe,753,France,Male,32,6,177729.13,1,1,1,161642.08,0
487,9488,15672574,Uspenskaya,850,Spain,Female,32,5,0,1,1,1,3830.59,0
488,9489,15659355,McKenzie,671,Spain,Male,32,6,123912.78,2,1,1,146636.44,0
489,9490,15777907,Liang,791,France,Female,33,3,0,1,1,1,144413.92,0
490,9491,15655171,Yermakova,624,France,Male,80,3,0,1,1,1,65801.44,0
491,9492,15619674,White,649,France,Female,35,4,108306.44,1,1,1,192486.24,0
492,9493,15775192,Rounsevell,732,Germany,Female,48,4,102962.62,1,1,0,120852.85,1
493,9494,15617657,Ts'ai,664,France,Female,36,0,103502.22,1,1,1,146191.82,0
494,9495,15688951,Stoneman,789,Germany,Male,43,8,119654.44,2,0,1,148412.24,0
495,9496,15763460,Yao,680,France,Male,33,10,183768.47,1,1,0,164119.35,0
496,9497,15756992,Chukwukere,701,France,Male,37,1,0,2,1,0,163457.55,0
497,9498,15617454,Ifeatu,684,France,Female,25,1,0,2,0,1,144978.47,0
498,9499,15701932,Millar,586,France,Female,52,6,140900.97,1,1,1,67288.89,0
499,9500,15700813,Igwebuike,522,Germany,Female,25,5,94049.92,2,1,0,103269,0
500,9501,15645600,Obidimkpa,739,Spain,Female,27,8,98926.4,1,1,1,106969.98,0
501,9502,15634146,Hou,835,Germany,Male,18,2,142872.36,1,1,1,117632.63,0
502,9503,15686743,Moody,790,Spain,Male,29,3,46057.96,2,1,1,189777.66,0
503,9504,15698792,Keldie,671,France,Female,48,6,119769.77,1,0,1,66032.65,0
504,9505,15591724,Liu,560,France,Female,44,5,143244.97,1,1,0,98661.27,0
505,9506,15571281,Ts'ao,651,France,Male,28,10,79562.98,1,1,1,74687.37,0
506,9507,15661380,Walker,682,France,Male,69,6,0,2,0,1,149604.18,0
507,9508,15728885,Defalco,808,France,Male,41,0,0,1,1,1,79888.78,0
508,9509,15618950,Lo Duca,644,Spain,Male,26,8,96659.64,2,1,1,138775.69,0
509,9510,15609804,Hyde,688,France,Male,29,1,0,2,1,0,154695.57,0
510,9511,15735849,Kanayochukwu,617,France,Female,26,2,165947.99,2,0,1,168834.38,0
511,9512,15652948,Yen,738,France,Male,33,4,92676.3,1,1,0,105817.63,0
512,9513,15618155,Ts'ui,663,France,Male,45,5,83195.12,1,1,1,48682.1,0
513,9514,15566378,Tillman,515,France,Male,48,5,129387.94,1,0,1,147955.91,0
514,9515,15565879,Riley,845,France,Female,28,9,0,2,1,1,56185.98,0
515,9516,15792922,Tu,639,Spain,Male,38,9,130233.14,1,1,1,81861.1,0
516,9517,15770567,Ruiz,557,France,Female,32,3,123502.53,1,1,1,69826.8,0
517,9518,15738042,Goliwe,543,Germany,Male,37,8,140894.06,2,1,1,118059.19,0
518,9519,15714920,Balashov,585,Germany,Male,44,7,163867.86,1,1,1,112333.22,0
519,9520,15782121,Leonard,610,France,Female,27,2,0,2,1,0,14546.76,0
520,9521,15673180,Onyekaozulu,727,Germany,Female,18,2,93816.7,2,1,0,126172.11,0
521,9522,15660636,Carpenter,540,Spain,Female,40,8,0,2,1,0,3560,0
522,9523,15664504,Beede,418,France,Male,35,7,0,2,1,1,88878.15,0
523,9524,15790322,Beneventi,660,France,Female,32,0,114668.89,1,1,0,84605,0
524,9525,15739847,Sadlier,850,Germany,Male,38,5,146756.68,1,1,0,78268.61,0
525,9526,15699415,Lewis,618,France,Female,46,6,150213.71,1,1,0,120668.46,0
526,9527,15665521,Chiazagomekpele,642,Germany,Male,18,5,111183.53,2,0,1,10063.75,0
527,9528,15682868,Elliott,850,France,Female,40,9,99816.46,1,1,1,163989.66,0
528,9529,15584462,Liang,739,France,Male,34,9,0,1,1,0,60584.33,0
529,9530,15661708,She,508,France,Female,41,5,0,2,1,1,94170.84,0
530,9531,15584452,Bozeman,667,France,Male,41,6,0,2,0,0,167181.77,0
531,9532,15717010,Yu,741,France,Female,60,5,0,1,1,1,38914.51,0
532,9533,15643828,Teng,592,France,Male,29,7,0,2,1,1,91196.67,0
533,9534,15733361,Davide,651,Germany,Female,45,6,86714.06,1,1,0,85869.89,0
534,9535,15795488,Beneventi,773,Spain,Male,52,2,0,2,1,0,57337.79,0
535,9536,15581551,Yobachukwu,850,Spain,Male,41,8,132838.07,1,1,1,175347.28,0
536,9537,15632051,Douglas,550,Germany,Female,42,10,128707.31,1,1,0,63092.65,0
537,9538,15780409,Egobudike,783,France,Male,40,6,0,2,1,0,109742.55,0
538,9539,15572767,Shelby,777,France,Male,29,2,0,2,1,0,124489.88,0
539,9540,15590337,Golubov,659,France,Male,29,6,123192.12,1,1,1,56971.41,0
540,9541,15634551,Williamson,727,Germany,Male,46,3,115248.11,4,1,0,130752.01,1
541,9542,15669290,Fan,603,France,Male,38,8,59360.77,1,1,1,191457.06,0
542,9543,15621140,Nwebube,644,Spain,Male,37,9,0,2,1,1,96442.86,0
543,9544,15613518,Bellucci,647,France,Female,35,6,112668.7,1,0,1,122584.29,0
544,9545,15728043,Udinese,648,Germany,Female,37,7,138503.51,2,1,0,57215.85,0
545,9546,15570073,Marian,721,Spain,Male,57,1,0,1,1,1,195940.96,0
546,9547,15777033,Chizoba,524,France,Male,29,7,0,2,1,1,105448.74,0
547,9548,15682454,McFarland,626,France,Female,34,3,0,2,1,1,37870.29,0
548,9549,15758513,McDonald,569,France,Male,43,7,0,2,1,0,52534.81,0
549,9550,15772604,Chiemezie,578,Spain,Male,36,1,157267.95,2,1,0,141533.19,0
550,9551,15721715,Fane,769,France,Female,40,9,133871.05,1,1,1,50568.02,0
551,9552,15688563,Marchesi,694,Germany,Male,31,4,141989.27,2,1,0,26116.82,0
552,9553,15772009,Scott,664,France,Female,41,5,0,1,1,1,152054.33,0
553,9554,15809585,H?,646,France,Male,38,7,0,2,1,0,1528.4,0
554,9555,15593778,Craig,779,France,Female,29,3,46388.16,3,1,0,127939.26,0
555,9556,15655360,Chikelu,782,Germany,Female,72,5,148666.99,1,1,0,2605.65,1
556,9557,15780909,Caffyn,769,Germany,Male,34,7,115101.5,1,0,0,57841.89,0
557,9558,15757310,Otitodilichukwu,655,Germany,Male,67,6,148363.38,1,1,1,186995.17,0
558,9559,15801411,Green,623,Spain,Male,46,4,0,1,1,0,5549.11,0
559,9560,15761706,Y?an,705,Spain,Female,39,8,144102.32,1,1,1,11682.36,0
560,9561,15658409,Mao,686,France,Male,41,5,128876.71,3,1,1,106939.34,1
561,9562,15810010,Dahlenburg,678,Germany,Male,36,6,118448.15,2,1,0,53172.02,0
562,9563,15627027,Shih,738,France,Male,39,5,0,2,1,1,114388.98,0
563,9564,15624374,Maclean,703,France,Male,28,9,0,2,0,1,2151.17,0
564,9565,15720083,Fiorentino,554,Spain,Male,42,1,0,2,0,1,183492.9,0
565,9566,15752294,Long,582,France,Female,38,9,135979.01,4,1,1,76582.95,1
566,9567,15743193,Olson,644,France,Male,37,6,117271.8,2,1,0,104217.96,0
567,9568,15696733,McKenzie,724,France,Male,29,4,0,1,1,0,8982.75,0
568,9569,15677522,Rossi,593,France,Male,33,1,0,2,0,0,9984.4,0
569,9570,15643523,Power,710,Spain,Female,30,10,0,2,1,0,19500.1,0
570,9571,15624936,Yen,631,France,Male,35,8,129205.49,1,1,1,79146.36,0
571,9572,15716085,Norris,739,Spain,Female,41,8,0,1,1,0,191694.77,0
572,9573,15641688,Collier,644,Spain,Male,18,7,0,1,0,1,59645.24,0
573,9574,15796834,Rivers,652,Germany,Male,35,7,104015.54,2,1,1,55207.88,0
574,9575,15720123,Hudson,554,Spain,Male,37,3,0,2,1,0,166177.3,0
575,9576,15604732,Milani,483,France,Female,30,9,0,2,0,0,136356.97,0
576,9577,15723484,Hunt,669,Germany,Female,42,1,103873.39,1,1,0,148611.52,0
577,9578,15807120,Oluchukwu,841,Germany,Female,52,3,112383.03,1,1,0,85516.37,1
578,9579,15810891,Lorenzo,662,France,Male,34,2,117731.79,2,0,1,55120.79,0
579,9580,15640407,Chidiegwu,821,Germany,Male,45,0,135827.33,2,1,1,131778.58,0
580,9581,15778838,Warren,783,France,Male,38,9,114135.17,1,1,0,153269.98,0
581,9582,15709256,Glover,850,France,Female,28,9,0,2,1,1,164864.67,0
582,9583,15742285,Andersen,559,France,Male,62,6,118756.62,1,1,1,20367.68,0
583,9584,15729019,Arcuri,602,Spain,Male,34,8,98382.72,1,1,0,39542,0
584,9585,15608588,Mackinlay,563,Germany,Male,41,2,100520.92,1,1,1,19412.8,0
585,9586,15610557,McCarthy,695,Spain,Female,35,7,79858.13,2,1,1,127977.66,0
586,9587,15786418,Chiu,546,France,Female,20,6,0,1,0,1,20508.85,0
587,9588,15653050,Norriss,719,Germany,Female,76,10,95052.29,1,1,0,176244.87,0
588,9589,15744914,Moore,539,Germany,Male,42,1,177728.55,1,1,0,105013.63,0
589,9590,15669611,Mott,632,France,Male,71,3,83116.68,1,1,1,27597.76,0
590,9591,15594786,Ts'ai,772,Germany,Male,34,7,111565.91,1,1,1,121073.23,0
591,9592,15649211,Fokina,708,Spain,Male,40,8,83015.71,1,1,0,101089.76,0
592,9593,15766066,Nikitina,668,Germany,Female,28,1,124511.01,1,0,0,114258.18,0
593,9594,15772216,Henry,738,France,Female,67,1,130652.52,1,0,1,22762.23,0
594,9595,15619898,Chiefo,785,France,Male,55,5,0,2,1,1,7008.65,0
595,9596,15724543,Mao,597,France,Male,61,5,0,2,1,1,81299.17,0
596,9597,15755084,Bezrukova,531,France,Male,37,7,121854.45,1,1,0,147521.35,0
597,9598,15730441,Dodd,509,France,Male,26,10,0,2,1,1,6177.83,0
598,9599,15666767,Lori,508,France,Male,35,1,86893.28,1,0,0,59374.82,0
599,9600,15690456,Yudina,749,Germany,Female,32,7,79523.13,1,0,1,157648.12,0
600,9601,15570533,Conti,621,Germany,Female,55,7,131033.76,1,0,1,75685.59,0
601,9602,15797692,Volkova,659,France,Female,33,7,89939.62,1,1,0,136540.09,0
602,9603,15603135,Boni,634,Germany,Female,59,3,95727.05,1,0,0,97939.4,1
603,9604,15698927,Ritchie,675,France,Male,39,7,0,2,0,1,36267.21,0
604,9605,15687363,McMillan,770,France,Male,31,3,155047.56,2,1,1,186064.34,0
605,9606,15733444,Phillips,736,France,Female,29,9,0,2,0,0,176152.7,0
606,9607,15678057,Lombardi,524,France,Male,44,10,118569.03,2,0,0,82117.2,0
607,9608,15806918,Ireland,674,France,Male,28,5,0,1,1,1,151925.25,0
608,9609,15638247,Boan,700,Spain,Male,44,9,0,2,1,0,142287.65,0
609,9610,15674833,Shao,741,France,Female,35,1,0,2,1,0,36557.55,0
610,9611,15812534,Chiemenam,455,France,Male,40,1,0,3,0,1,129975.34,1
611,9612,15586522,Hunter,608,Spain,Male,37,2,130461.02,1,1,0,21967.15,0
612,9613,15794297,McKay,776,France,Male,36,1,0,2,1,0,53477.76,0
613,9614,15737025,Roberts,635,France,Male,33,1,0,3,0,0,178067.33,0
614,9615,15615931,Aitken,746,France,Female,37,4,0,2,0,1,171039.56,0
615,9616,15664860,Chao,692,Spain,Female,47,3,0,2,1,0,150802.41,0
616,9617,15664539,Bruce,683,Spain,Male,35,9,61172.04,1,0,0,82951.12,0
617,9618,15583692,Chan,591,Germany,Female,35,2,90194.34,2,1,0,57064.57,0
618,9619,15693131,Watts,581,France,Female,24,3,95508.2,1,1,1,45755,0
619,9620,15779973,Gibbons,684,Germany,Male,35,3,99967.76,1,1,1,176882.08,0
620,9621,15620557,Ni,561,Spain,Male,37,4,101470.29,1,0,1,88838.14,0
621,9622,15639549,Jen,718,Germany,Female,33,4,70541.06,1,0,0,88592.8,0
622,9623,15618750,Phillips,590,France,Male,31,8,112211.61,1,1,0,26261.42,0
623,9624,15796790,Amaechi,573,France,Female,47,8,154543.98,1,1,0,29586.73,0
624,9625,15668309,Maslow,350,France,Female,40,0,111098.85,1,1,1,172321.21,0
625,9626,15732437,Rowley,504,Germany,Female,44,0,131873.07,2,1,1,158036.72,0
626,9627,15665158,Chukwuemeka,813,Spain,Male,27,1,137275.36,1,0,1,115733.16,0
627,9628,15689322,Bevan,641,Spain,Male,31,3,153316.14,1,1,0,59927.99,0
628,9629,15596624,Topp,662,France,Female,22,9,0,2,1,1,44377.65,0
629,9630,15601977,Burgoyne,497,Spain,Male,44,2,121250.04,1,0,1,79691.4,0
630,9631,15801462,Yermakov,716,France,Male,31,8,109578.04,2,1,1,51503.51,0
631,9632,15566139,Ts'ui,526,France,Female,37,5,53573.18,1,1,0,62830.97,0
632,9633,15791006,Kodilinyechukwu,760,Germany,Female,34,6,58003.41,1,1,0,90346.1,0
633,9634,15668057,K?,669,France,Female,31,6,113000.66,1,1,0,40467.82,0
634,9635,15580805,Marino,655,France,Male,27,10,0,2,1,0,51620.94,0
635,9636,15658768,Lucas,547,France,Female,49,2,0,1,0,0,65466.93,0
636,9637,15613048,Anderson,648,Germany,Female,40,5,139973.65,1,1,1,667.66,0
637,9638,15803654,Wei,790,France,Female,31,2,151290.16,1,1,1,172437.12,0
638,9639,15662337,Baldwin,744,Germany,Female,50,1,121498.11,2,0,1,106061.47,0
639,9640,15650924,Foster,761,Spain,Female,32,4,103515.39,2,1,1,177622.38,0
640,9641,15647203,Gebhart,750,France,Female,35,3,0,1,1,0,191520.5,0
641,9642,15682778,Fedorov,680,France,Male,34,9,0,2,1,1,95686.6,0
642,9643,15579820,Robertson,704,Spain,Male,38,6,106687.76,1,1,0,173776.5,0
643,9644,15709354,Tudawali,521,France,Female,41,2,0,2,1,1,113089.43,0
644,9645,15728480,Iloerika,452,France,Female,35,8,0,2,1,1,149614.81,0
645,9646,15641091,Onyemauchechukwu,695,France,Female,31,5,106089.2,1,0,0,99537.68,0
646,9647,15603111,Muir,850,Spain,Male,71,10,69608.14,1,1,0,97893.4,0
647,9648,15679693,Walker,625,France,Male,31,5,0,2,0,1,90.07,0
648,9649,15797190,Charlton,608,Germany,Female,40,7,96202.32,1,0,0,161154.85,0
649,9650,15788025,Tseng,715,France,Female,38,0,0,2,1,1,332.81,0
650,9651,15646168,Ifeatu,834,Spain,Male,33,5,0,2,1,0,66285.18,0
651,9652,15580493,Chin,469,France,Male,33,1,127818.52,1,1,0,163477.22,0
652,9653,15726720,Blinova,480,France,Female,40,7,0,1,1,0,170332.67,0
653,9654,15735799,Maconochie,527,Germany,Male,58,3,137318.42,1,1,1,126144.96,0
654,9655,15773098,Ch'in,834,Spain,Male,34,5,0,2,0,0,53437.1,0
655,9656,15668971,Nicholson,583,France,Female,40,4,55776.39,2,1,0,26920.43,0
656,9657,15603221,Burgess,696,Germany,Male,32,4,84421.62,1,0,1,52314.71,0
657,9658,15740043,Young,606,France,Male,32,5,83161.65,1,1,1,116885.59,0
658,9659,15712264,Plumb,713,France,Female,39,10,0,2,1,1,126263.97,0
659,9660,15751926,Trentino,821,Germany,Male,42,3,87807.29,2,1,1,64613.81,0
660,9661,15589401,Allen,550,France,Female,30,4,0,2,1,0,89216.29,0
661,9662,15742019,Benford,675,France,Female,39,6,0,2,0,0,83419.15,0
662,9663,15660611,Gallo,748,Spain,Male,39,3,0,2,1,1,123998.52,0
663,9664,15607634,Cobb,606,Germany,Male,40,9,95293.86,2,0,1,96985.58,0
664,9665,15595036,Doherty,726,Germany,Male,30,7,92847.59,1,1,0,146154.06,0
665,9666,15745794,Cocci,547,France,Male,30,6,0,2,1,1,18471.86,0
666,9667,15781689,Macadam,758,Spain,Male,35,5,0,2,1,0,95009.6,0
667,9668,15696054,Tychonoff,596,France,Male,37,2,0,1,0,1,121175.86,0
668,9669,15752467,Johnson,720,Spain,Male,34,3,0,2,1,1,77047.78,0
669,9670,15597739,Tu,674,France,Male,37,3,0,1,1,0,158049.9,0
670,9671,15651336,Chidiebere,756,France,Female,32,4,0,2,1,0,147040.25,0
671,9672,15636061,Pope,649,Germany,Male,78,4,68345.86,2,1,1,142566.75,0
672,9673,15723013,Sutherland,613,Germany,Male,28,7,76656.4,2,1,1,185483.24,0
673,9674,15784148,Beneventi,643,France,Male,62,9,0,2,0,0,155870.82,0
674,9675,15578098,Jamieson,600,France,Male,31,8,0,2,1,1,121555.51,0
675,9676,15638621,Simmons,735,Spain,Male,39,1,60374.98,1,1,0,40223.74,0
676,9677,15720924,Chijioke,585,France,Female,34,1,0,1,1,1,75503.6,0
677,9678,15566531,Iloerika,724,Germany,Male,33,4,88046.88,1,0,1,186942.49,0
678,9679,15718064,Chia,635,Spain,Male,29,2,0,2,0,0,117173.8,0
679,9680,15605067,Nwachinemelu,472,France,Male,19,9,0,2,1,0,3453.4,0
680,9681,15655335,Becher,590,France,Male,36,1,0,2,1,0,48876.84,0
681,9682,15607301,Romano,651,Spain,Female,63,8,129968.67,1,1,1,11830.53,0
682,9683,15694628,Walker,686,Germany,Female,39,4,157731.6,2,1,0,162820.6,0
683,9684,15607112,Chiawuotu,606,France,Male,32,6,0,2,0,1,36540.63,0
684,9685,15635775,Watt,781,France,Male,33,3,89276.48,1,1,0,6959,0
685,9686,15644280,Udegbunam,593,France,Male,45,4,138825.19,1,0,0,10828.78,0
686,9687,15708362,Watson,793,France,Male,63,4,103729.79,2,1,1,80272.06,0
687,9688,15771997,Bryant,791,France,Female,31,10,75499.24,1,1,0,22184.14,0
688,9689,15730579,Ward,850,France,Male,68,5,169445.4,1,1,1,186335.07,0
689,9690,15728005,Urban,698,France,Female,57,9,111359.55,2,1,0,105715.01,1
690,9691,15791674,Sutherland,846,France,Female,34,10,142388.61,2,0,1,68393.64,0
691,9692,15754599,K'ung,765,France,Male,42,4,123311.39,2,1,1,82868.34,0
692,9693,15693690,Iweobiegbunam,574,Spain,Male,52,7,115532.52,1,1,0,196257.67,0
693,9694,15728963,Wei,617,Germany,Female,51,10,167273.71,1,0,0,93439.75,1
694,9695,15659710,Lascelles,581,France,Male,25,5,77886.53,2,1,0,150319.49,0
695,9696,15658675,Ts'ao,710,Germany,Male,37,6,135795.63,1,0,1,46523.6,0
696,9697,15638788,Mack,550,France,Male,32,8,97514.07,1,1,1,199138.84,0
697,9698,15609735,Campbell,533,Germany,Male,51,6,127545.56,2,0,0,79559.02,0
698,9699,15771477,Fiorentini,779,France,Male,49,9,106160.37,1,0,0,116893.87,0
699,9700,15570145,Long,763,France,Female,23,2,0,2,1,0,153983.99,0
700,9701,15797149,Lloyd,563,Spain,Female,36,4,143680.47,2,1,1,63531.19,0
701,9702,15636912,Sneddon,678,Spain,Male,38,3,124483.53,1,1,0,126253.31,0
702,9703,15687828,Gorshkov,644,Spain,Female,31,5,86006.3,1,1,1,73922.95,0
703,9704,15667424,Forbes,682,Germany,Female,43,7,111094.05,2,1,1,64679.3,0
704,9705,15759872,L?,625,France,Male,22,9,0,2,1,0,157072.91,0
705,9706,15572374,Hopetoun,733,Spain,Male,36,1,0,2,0,1,108377.82,0
706,9707,15754926,Lucchesi,512,France,Female,30,6,0,2,1,0,88827.31,0
707,9708,15687431,Faria,642,France,Female,41,7,115171.71,1,1,1,37674.47,0
708,9709,15604515,Yefremov,737,Germany,Female,22,10,111543.26,2,0,0,106327.85,0
709,9710,15682839,Genovesi,575,France,Female,57,8,137936.94,1,1,1,84475.13,0
710,9711,15624677,Marquez,543,Germany,Female,37,3,122304.65,2,0,0,33998.7,0
711,9712,15646366,Trevisani,521,Germany,Male,41,8,120586.54,1,0,1,20491.15,0
712,9713,15701768,Tung,637,France,Male,32,3,0,2,1,1,197827.06,0
713,9714,15623566,Barnhill,714,France,Male,40,9,46520.69,1,1,1,96687.25,0
714,9715,15681274,Marshall,726,Spain,Female,56,2,105473.74,1,1,1,46044.7,0
715,9716,15762573,Bednall,680,Spain,Female,34,7,0,2,1,0,98949.85,0
716,9717,15706458,Pan,812,Germany,Male,39,5,115730.71,3,1,1,185599.34,1
717,9718,15654222,Ogg,757,Spain,Male,30,3,145396.49,1,0,1,198341.15,0
718,9719,15704053,T'ang,710,Spain,Male,62,3,131078.42,2,1,0,119348.76,1
719,9720,15724321,Baresi,516,Germany,Female,47,9,128298.74,1,0,0,149614.17,1
720,9721,15621815,Obiajulu,803,France,Female,40,6,165526.71,1,1,0,12328.08,0
721,9722,15724876,McGregor,560,France,Female,38,5,83714.41,1,1,1,33245.97,0
722,9723,15696588,Lung,679,France,Female,36,3,0,2,1,1,2243.41,0
723,9724,15612832,Jamieson,526,France,Male,32,7,125540.05,1,0,0,86786.41,0
724,9725,15804295,Pinto,485,France,Male,41,2,100254.76,2,1,1,12706.67,0
725,9726,15712536,Fallaci,625,France,Female,36,3,0,2,1,0,41295.1,0
726,9727,15662494,Goliwe,773,Spain,Male,43,7,138150.57,1,1,1,177357.16,0
727,9728,15807728,Ferri,530,France,Female,45,1,0,1,0,1,190663.89,0
728,9729,15764916,Rowley,616,Germany,Female,43,7,95984.21,1,0,1,115262.54,0
729,9730,15615330,Tretiakova,651,France,Male,23,10,0,2,1,1,170099.23,0
730,9731,15638487,She,586,Germany,Male,38,2,136858.42,1,0,1,189143.94,0
731,9732,15627859,Nebeolisa,607,Germany,Male,29,7,102609,1,1,0,163257.44,0
732,9733,15622192,Young,724,Spain,Male,39,3,0,2,0,1,95562.81,0
733,9734,15789413,Fitzgerald,733,France,Male,64,3,0,2,1,1,75272.63,0
734,9735,15583221,Arnold,667,Germany,Male,70,3,77356.92,2,1,1,20881.96,0
735,9736,15768495,Chidimma,700,France,Female,32,8,110923.15,2,1,1,161845.81,0
736,9737,15644103,Wells,659,Spain,Male,78,2,151675.65,1,0,1,49978.67,0
737,9738,15741197,Calzada,710,Spain,Male,22,8,0,3,1,0,107292.91,0
738,9739,15664547,Black,760,France,Male,37,7,0,1,0,0,32863.24,0
739,9740,15797293,Sopuluchukwu,677,France,Female,25,3,0,2,1,0,179608.96,0
740,9741,15572021,Ts'ao,798,Germany,Female,29,8,80204.11,2,1,0,70223.22,0
741,9742,15637461,Ukaegbunam,758,France,Male,35,7,0,2,1,0,77951.84,0
742,9743,15620577,Wood,715,France,Male,45,4,0,2,1,1,55043.93,0
743,9744,15609643,Furneaux,752,Germany,Male,32,9,115587.49,2,0,1,101677.46,0
744,9745,15785358,Gresswell,586,Germany,Male,46,8,106968.96,1,1,1,79366.98,0
745,9746,15603883,Ch'in,818,France,Male,36,4,0,2,1,1,8037.03,0
746,9747,15782550,Ma,490,Germany,Female,41,0,139659.04,1,1,1,176254.12,0
747,9748,15775761,Iweobiegbunam,610,Germany,Female,69,5,86038.21,3,0,0,192743.06,1
748,9749,15680201,Marcelo,627,Germany,Male,24,5,102773.2,2,1,0,56793.02,0
749,9750,15767594,Azubuike,533,France,Female,35,8,0,2,1,1,187900.12,0
750,9751,15591985,Stewart,708,France,Female,51,8,70754.18,1,1,1,92920.04,0
751,9752,15789339,Yen,681,France,Male,59,4,122781.51,1,0,1,140166.95,0
752,9753,15781530,Hsieh,690,France,Male,21,8,0,2,1,1,155782.89,0
753,9754,15705174,Chiedozie,656,Germany,Male,68,7,153545.11,1,1,1,186574.68,0
754,9755,15572114,Shih,673,Spain,Male,40,1,121629.22,1,1,1,3258.6,0
755,9756,15804009,Amechi,806,Germany,Male,36,8,167983.17,2,1,1,106714.28,0
756,9757,15662698,Ko,648,Spain,Female,43,7,81153.82,1,1,1,144532.85,0
757,9758,15696047,Chimezie,501,France,Male,35,6,99760.84,1,1,1,13591.52,0
758,9759,15701160,Azubuike,556,Germany,Female,43,4,125890.72,1,1,1,74854.97,0
759,9760,15790093,Aguirre,627,France,Female,27,2,0,2,1,0,125451.01,0
760,9761,15632143,Lung,652,France,Male,31,2,119148.55,1,0,0,149740.22,0
761,9762,15736778,Adams,807,Germany,Female,60,1,72948.58,2,1,1,17355.36,0
762,9763,15734917,Castiglione,708,Germany,Male,21,8,133974.36,2,1,0,50294.09,0
763,9764,15643903,Yao,619,France,Male,27,1,154483.98,1,1,0,156394.74,0
764,9765,15569526,Morales,601,France,Male,40,10,98627.13,2,0,0,77977.69,0
765,9766,15777067,Thomas,445,France,Male,64,2,136770.67,1,0,1,43678.06,0
766,9767,15795511,Vasiliev,800,Germany,Male,39,4,95252.72,1,1,0,13906.34,0
767,9768,15610419,Chukwueloka,554,France,Male,33,3,117413.95,1,1,1,12766.74,0
768,9769,15644994,Ko,714,Germany,Male,54,4,137986.58,2,0,1,51308.54,0
769,9770,15703707,Atkins,656,France,Male,44,10,143571.52,1,0,0,127444.14,0
770,9771,15659327,Moffitt,520,France,Male,49,5,121197.64,1,1,0,72577.33,0
771,9772,15771323,Panicucci,480,Spain,Male,39,5,121626.9,1,1,1,82438.13,0
772,9773,15750549,Akobundu,660,Germany,Male,30,1,84440.1,2,1,1,60485.98,0
773,9774,15698462,Chiu,532,France,Male,36,4,0,2,1,1,132798.78,0
774,9775,15739692,Tsui,679,France,Male,42,1,0,2,0,0,71823.15,0
775,9776,15744041,Yobanna,780,France,Female,26,3,140356.7,1,1,0,117144.15,0
776,9777,15700714,Hollis,747,France,Male,29,7,0,2,1,1,141706.43,0
777,9778,15777743,Cattaneo,705,France,Female,39,3,92224.56,1,1,1,54517.25,0
778,9779,15623143,Lung,732,France,Female,43,9,0,2,1,0,183147.17,0
779,9780,15712568,Angelo,515,Spain,Male,40,10,121355.99,1,1,0,138360.29,0
780,9781,15617432,Folliero,816,Germany,Female,40,9,109003.26,1,1,1,79580.56,0
781,9782,15650424,Bryant,641,France,Female,48,3,147341.43,1,1,1,157458.61,0
782,9783,15728829,Weigel,509,France,Male,18,7,102983.91,1,1,0,171770.58,0
783,9784,15680430,Ajuluchukwu,601,Germany,Female,49,4,96252.98,2,1,0,104263.82,0
784,9785,15687626,Zhirov,527,France,Male,39,4,0,2,1,0,167183.07,0
785,9786,15609187,Cox,455,France,Female,27,5,155879.09,2,0,0,70774.97,0
786,9787,15609521,Chimaraoke,803,Germany,Male,34,4,142929.16,2,1,1,114869.56,0
787,9788,15752626,Genovese,553,France,Male,32,7,64082.09,1,0,1,109159.58,0
788,9789,15571756,Ohearn,724,France,Female,28,5,0,1,1,0,59351.68,0
789,9790,15814040,Munroe,610,France,Female,45,1,0,2,1,1,199657.46,0
790,9791,15658211,Morrison,559,Spain,Female,39,2,0,2,1,1,121151.1,0
791,9792,15742091,Parkhill,825,Germany,Female,35,6,118336.95,1,1,0,26342.33,0
792,9793,15787168,Y?,819,Spain,Female,28,8,168253.21,1,1,1,102799.14,0
793,9794,15772363,Hilton,772,Germany,Female,42,0,101979.16,1,1,0,90928.48,0
794,9795,15659364,Thompson,685,Spain,Male,23,5,164902.43,1,0,0,141152.28,0
795,9796,15738980,Yobanna,506,France,Male,43,2,0,2,1,0,105568.6,0
796,9797,15794236,Thorpe,642,Germany,Male,22,10,111812.52,2,1,1,183045.46,0
797,9798,15721383,Harvey,627,Spain,Male,40,10,0,2,1,1,194792.42,0
798,9799,15652981,Robinson,600,Germany,Male,30,2,119755,1,1,1,21852.91,0
799,9800,15722731,Manna,653,France,Male,46,0,119556.1,1,1,0,78250.13,0
800,9801,15640507,Li,762,Spain,Female,35,3,119349.69,3,1,1,47114.18,0
801,9802,15578878,Hancock,569,Spain,Female,30,3,139528.23,1,1,1,33230.37,0
802,9803,15744295,Hao,756,France,Male,40,1,94773.11,1,1,0,114279.63,0
803,9804,15776558,Nicholls,673,France,Male,31,1,108345.22,1,0,1,38802.03,0
804,9805,15596136,Folliero,637,France,Female,36,9,166939.88,1,1,1,72504.76,0
805,9806,15704597,Trumbull,644,France,Male,33,7,174571.36,1,0,1,43943.09,0
806,9807,15648272,Medvedeva,658,Spain,Male,35,9,71829.34,1,1,1,68141.92,0
807,9808,15594915,Crist,649,France,Female,36,8,0,2,0,1,109179.89,0
808,9809,15581115,Middleton,603,France,Female,39,9,76769.68,1,0,0,48224.72,0
809,9810,15763907,Watts,820,France,Female,39,1,104614.29,1,1,0,61538.43,0
810,9811,15705994,Udinese,712,Spain,Male,27,10,0,1,1,0,94544.88,0
811,9812,15772421,Tretiakov,645,Germany,Female,31,1,128927.93,1,1,1,2850.01,0
812,9813,15711572,O'Kane,705,Germany,Female,31,9,110941.93,2,1,0,163484.8,0
813,9814,15691170,Vasilyeva,590,Spain,Female,29,10,99250.08,1,1,1,129629.41,0
814,9815,15600106,Wei,631,France,Male,36,1,0,2,0,0,133141.34,0
815,9816,15745431,Chinonyelum,604,France,Male,34,7,0,2,1,1,188078.55,0
816,9817,15649508,Chin,643,Spain,Male,48,8,0,2,1,0,174729.3,0
817,9818,15812611,Lorimer,690,Spain,Female,30,5,0,2,0,1,78700.03,0
818,9819,15619699,Yeh,558,France,Male,31,7,0,1,1,0,198269.08,0
819,9820,15813946,Duffy,637,Germany,Male,51,1,104682.83,1,1,0,55266.96,1
820,9821,15762762,Onyekachukwu,648,Germany,Female,45,5,118886.55,1,0,0,51636.7,0
821,9822,15629793,Banks,652,Spain,Male,28,8,156823.7,2,1,0,198251.52,0
822,9823,15781298,Hughes,808,Germany,Male,39,3,124216.93,1,0,1,171442.36,0
823,9824,15622658,Lai,551,France,Female,26,2,144258.52,1,1,0,49778.79,0
824,9825,15658980,Matthews,711,Germany,Male,26,9,128793.63,1,1,0,19262.05,0
825,9826,15701936,Bell,467,Germany,Male,28,10,126315.26,1,1,0,32349.29,0
826,9827,15686917,Tu,789,Spain,Female,40,4,0,2,1,0,137402.27,0
827,9828,15807312,Hsia,602,Spain,Male,33,5,0,2,0,1,64038.34,0
828,9829,15574523,Cheng,576,France,Male,39,1,0,2,1,1,68814.23,0
829,9830,15724200,Cheng,584,France,Male,38,1,115341.55,1,0,1,173632.92,0
830,9831,15738224,Lin,593,France,Male,32,6,99162.29,1,1,0,128384.11,0
831,9832,15593283,Higgins,705,Germany,Female,48,1,156848.13,2,1,1,99475.95,0
832,9833,15814690,Chukwujekwu,595,Germany,Female,64,2,105736.32,1,1,1,89935.73,0
833,9834,15807245,McKay,699,Germany,Female,41,1,200117.76,2,1,0,94142.35,0
834,9835,15799358,Vincent,516,France,Female,46,6,62212.29,1,0,1,171681.86,0
835,9836,15616172,Ubanwa,838,France,Male,31,2,0,2,1,0,8222.96,0
836,9837,15777958,Ch'ien,587,France,Male,39,10,0,2,1,1,170409.45,0
837,9838,15809124,T'ien,750,France,Male,38,5,151532.4,1,1,1,46555.15,0
838,9839,15616367,Ricci,581,Germany,Male,39,1,121523.51,1,0,0,161655.55,0
839,9840,15687385,McDowell,484,France,Male,41,5,0,1,1,1,74267.35,0
840,9841,15607877,Maclean,576,Spain,Male,26,8,0,2,0,1,34101.06,0
841,9842,15736327,Manna,567,Germany,Female,46,1,68238.51,2,1,1,109572.58,0
842,9843,15746704,Jibunoh,638,Spain,Male,30,9,136808.53,2,1,1,106642.97,0
843,9844,15778304,Fan,646,Germany,Male,24,0,92398.08,1,1,1,18897.29,0
844,9845,15588456,Hsieh,658,France,Female,40,5,143566.12,1,1,1,189607.71,0
845,9846,15664035,Parsons,590,Spain,Female,38,9,0,2,1,1,148750.16,0
846,9847,15596405,Udinese,546,Spain,Male,25,7,127728.24,2,1,1,105279.74,0
847,9848,15815097,Root,603,France,Female,34,9,0,2,1,0,167916.35,0
848,9849,15762708,Chiemezie,619,Spain,Female,38,10,119658.49,1,1,1,8646.58,0
849,9850,15776211,Toscani,678,France,Female,34,6,0,2,1,1,124592.84,0
850,9851,15626012,Obidimkpa,459,France,Male,26,4,149879.66,1,0,0,50016.17,0
851,9852,15792077,Degtyaryov,671,Germany,Male,28,8,119859.52,2,1,0,125422.66,0
852,9853,15718765,Maclean,501,Spain,Male,43,6,104533.24,1,0,0,81123.59,0
853,9854,15576615,Giordano,719,Spain,Male,37,10,145382.61,1,1,0,80408.59,0
854,9855,15752650,Saad,681,Spain,Female,37,6,121231.39,1,1,1,146366.08,0
855,9856,15797502,Lord,706,Spain,Male,24,2,141078.57,1,1,1,24402.87,0
856,9857,15687329,Hope,763,Germany,Female,32,1,108465.65,2,1,0,60552.44,0
857,9858,15779423,K?,716,France,Male,39,1,70657.61,2,1,1,76476.05,0
858,9859,15619514,Bull,507,Germany,Male,40,3,120105.43,1,1,0,92075.01,0
859,9860,15615430,Adams,678,Germany,Male,55,4,129646.91,1,1,1,184125.1,0
860,9861,15716431,Brookes,775,France,Female,30,10,191091.74,2,1,1,96170.38,0
861,9862,15798341,Victor,544,France,Male,38,8,0,1,1,1,98208.62,0
862,9863,15651958,Giles,756,France,Male,27,8,0,2,1,1,157932.75,0
863,9864,15726179,Ferrari,757,Germany,Female,43,5,131433.33,2,1,1,3497.43,0
864,9865,15652999,Milne,742,Germany,Male,33,1,137937.95,1,1,1,51387.1,0
865,9866,15691950,Parry,591,France,Male,49,3,0,2,1,0,50123.44,0
866,9867,15632446,Allan,667,France,Male,24,4,0,2,0,0,180329.83,0
867,9868,15620936,Warren,787,France,Male,32,4,0,2,1,1,13238.93,0
868,9869,15587640,Rowntree,718,France,Female,43,0,93143.39,1,1,0,167554.86,0
869,9870,15782231,Andrejew,521,France,Male,38,6,0,2,1,0,51454.06,0
870,9871,15580462,Corby,607,Spain,Male,40,1,112544.45,1,1,1,19842.22,0
871,9872,15736371,Kennedy,633,France,Female,34,3,123034.43,2,1,1,38315.04,0
872,9873,15648032,Young,588,Spain,Male,37,2,0,2,0,1,187816.59,0
873,9874,15610454,Poole,724,Germany,Female,33,9,119278.44,1,1,1,197148.24,0
874,9875,15671358,Fletcher,720,France,Male,44,4,0,2,1,0,163471.01,0
875,9876,15747130,Tsao,521,France,Male,39,7,0,2,0,1,653.58,0
876,9877,15578374,Gilroy,620,Spain,Male,36,7,169312.72,1,1,0,45414.09,0
877,9878,15572182,Onwuamaeze,505,Germany,Female,33,3,106506.77,3,1,0,45445.78,0
878,9879,15770041,Manna,728,Spain,Female,43,8,128412.61,1,0,1,139024.31,0
879,9880,15669414,Pisano,486,Germany,Male,62,9,118356.89,2,1,0,168034.83,1
880,9881,15777054,Thorpe,584,Germany,Male,42,3,137479.13,1,1,0,25669.1,0
881,9882,15621021,Dwyer,687,Spain,Female,40,1,0,2,1,0,8207.36,0
882,9883,15785490,Okeke,771,France,Male,50,3,105229.72,1,1,1,16281.68,0
883,9884,15577695,Zito,678,France,Male,41,2,148088.11,1,1,0,14083.12,0
884,9885,15686974,Sergeyeva,751,France,Female,48,4,0,1,0,1,30165.06,0
885,9886,15574584,Fang,670,France,Male,33,8,126679.69,1,1,1,39451.09,0
886,9887,15719541,Flannagan,675,Spain,Male,31,2,90826.27,2,1,0,60270.87,0
887,9888,15646310,Mao,684,Spain,Male,24,8,143582.89,1,1,1,22527.27,0
888,9889,15697606,Sturdee,637,France,Female,21,10,125712.2,1,0,0,175072.47,0
889,9890,15711489,Azikiwe,760,Spain,Female,32,2,0,1,1,1,114565.35,0
890,9891,15670427,Chidi,662,Spain,Male,37,4,155187.3,1,1,0,48930.8,0
891,9892,15731755,Hull,680,France,Male,49,10,0,2,1,0,187008.45,0
892,9893,15796370,Shah,604,Spain,Male,40,5,155455.43,1,0,1,113581.85,0
893,9894,15598331,Morgan,764,France,Female,40,9,100480.53,1,1,0,124095.69,0
894,9895,15704795,Vagin,521,France,Female,77,6,0,2,1,1,49054.1,0
895,9896,15796764,Bruno,684,Germany,Female,56,3,127585.98,3,1,1,80593.49,1
896,9897,15589420,Osinachi,795,France,Female,40,2,101891.1,1,1,1,183044.86,0
897,9898,15810563,Ho,678,Spain,Female,61,8,0,2,1,1,159938.82,0
898,9899,15746569,Tsui,589,France,Male,38,4,0,1,1,0,95483.48,0
899,9900,15811594,Gordon,660,Spain,Female,28,3,128929.88,1,1,1,198069.71,0
900,9901,15645896,Duncan,646,Germany,Male,39,6,121681.91,2,0,1,61793.47,0
901,9902,15802909,Hu,706,Germany,Female,56,3,139603.22,1,1,1,86383.61,0
902,9903,15797665,Docherty,730,France,Female,27,7,0,2,1,0,144099.48,0
903,9904,15778959,Brookes,606,France,Female,36,10,0,2,0,1,155641.46,0
904,9905,15722532,Angelo,690,Spain,Female,36,10,91760.11,1,1,1,135784.94,0
905,9906,15784124,Emenike,645,Germany,Male,41,2,93925.3,1,1,0,123982.14,0
906,9907,15776518,Pugh,579,France,Female,38,4,175739.36,1,1,1,193130.55,0
907,9908,15611247,McKenzie,481,France,Female,28,10,0,2,1,0,145215.96,0
908,9909,15721469,Mach,492,Germany,Male,45,9,170295.04,2,0,0,164741.81,0
909,9910,15773338,Endrizzi,739,France,Male,58,2,101579.28,1,1,1,72168.53,0
910,9911,15784042,L?,624,France,Male,55,7,118793.6,1,1,1,95022.02,0
911,9912,15776229,MacPherson,682,France,Male,44,3,115282.3,1,0,0,23766.4,0
912,9913,15655903,Michael,701,Spain,Female,34,6,107980.37,1,1,1,119374.74,0
913,9914,15590177,Chiedozie,718,France,Female,44,1,133866.22,1,0,1,139049.24,0
914,9915,15568876,Hughes,496,France,Female,34,1,102723.35,2,1,0,180844.81,0
915,9916,15813140,Taylor,543,Spain,Male,41,5,0,2,0,1,143980.29,0
916,9917,15770516,Evdokimov,616,Spain,Female,44,7,193213.02,2,1,1,137392.77,0
917,9918,15755731,Davis,635,Germany,Male,53,8,117005.55,1,0,1,123646.57,0
918,9919,15574480,Ubanwa,652,Spain,Male,31,1,132862.59,1,0,0,158054.49,0
919,9920,15798084,Murray,688,France,Male,26,0,0,2,1,0,105784.85,0
920,9921,15673020,Smith,678,France,Female,49,3,204510.94,1,0,1,738.88,0
921,9922,15643575,Evseev,757,Germany,Male,36,1,65349.71,1,0,0,64539.64,0
922,9923,15596811,Mitchell,667,France,Male,36,8,139753.35,1,1,0,79871.16,0
923,9924,15786789,Ni,725,France,Female,29,6,0,2,1,1,190776.83,0
924,9925,15578865,Palerma,632,Germany,Female,50,5,107959.39,1,1,1,6985.34,0
925,9926,15605672,Yuan,694,France,Female,38,5,195926.39,1,1,1,85522.84,0
926,9927,15603674,Knight,803,France,Male,36,1,0,2,1,1,149370.93,0
927,9928,15759915,Rapuokwu,814,France,Female,31,6,87772.52,1,1,0,188516.45,0
928,9929,15686219,Wan,611,France,Male,38,4,71018.6,2,1,0,2444.29,0
929,9930,15696388,Artamonova,755,Germany,Male,38,4,111096.91,1,1,1,19762.88,0
930,9931,15713604,Rossi,425,Germany,Male,40,9,166776.6,2,0,1,172646.88,0
931,9932,15647800,Greco,850,France,Female,34,6,101266.51,1,1,0,33501.98,0
932,9933,15813451,Fleetwood-Smith,677,Spain,Male,18,8,134796.87,2,1,1,114858.9,0
933,9934,15765375,Butusov,797,France,Female,46,8,0,1,0,0,162668.33,0
934,9935,15774586,West,692,Germany,Female,43,10,118588.83,1,1,1,161241.65,0
935,9936,15603454,Sanders,735,Germany,Male,28,5,160454.15,2,0,1,114957.22,0
936,9937,15653037,Parks,609,France,Male,77,1,0,1,0,1,18708.76,0
937,9938,15782475,Edith,700,France,Female,42,8,0,2,1,1,105305.72,0
938,9939,15593496,Korovin,526,Spain,Female,36,5,91132.18,1,0,0,58111.71,0
939,9940,15808971,Lajoie,693,Spain,Female,57,9,0,2,1,1,135502.77,0
940,9941,15791972,Bergamaschi,748,France,Female,20,7,0,2,0,0,10792.42,0
941,9942,15676869,T'ien,657,Spain,Male,36,8,0,2,0,1,123866.43,0
942,9943,15683007,Torode,739,Germany,Female,25,5,113113.12,1,1,0,129181.27,0
943,9944,15659495,Fu,784,Spain,Male,23,2,0,1,1,1,6847.73,0
944,9945,15703923,Cameron,744,Germany,Male,41,7,190409.34,2,1,1,138361.48,0
945,9946,15674000,Cattaneo,645,France,Male,44,10,0,2,0,1,166707.22,0
946,9947,15618171,James,669,France,Female,33,9,0,2,0,1,107221.03,0
947,9948,15732202,Abramovich,615,France,Male,34,1,83503.11,2,1,1,73124.53,0
948,9949,15735078,Onwughara,724,Germany,Female,53,1,139687.66,2,1,1,12913.92,0
949,9950,15798615,Wan,850,France,Female,47,9,137301.87,1,1,0,44351.77,0
950,9951,15638494,Salinas,625,Germany,Female,39,10,129845.26,1,1,1,96444.88,0
951,9952,15763874,Ho,635,Spain,Male,46,8,0,2,1,1,60739.16,0
952,9953,15696355,Cleveland,724,Germany,Male,37,6,125489.4,1,1,0,118570.53,0
953,9954,15655952,Burke,550,France,Male,47,2,0,2,1,1,97057.28,0
954,9955,15739850,Trentino,645,France,Male,45,6,155417.61,1,0,1,3449.22,0
955,9956,15611338,Kashiwagi,714,Spain,Male,29,4,0,2,1,1,37605.9,0
956,9957,15707861,Nucci,520,France,Female,46,10,85216.61,1,1,0,117369.52,0
957,9958,15672237,Oluchi,633,France,Male,25,1,0,1,1,0,100598.98,0
958,9959,15657771,Ts'ui,537,France,Male,37,6,0,1,1,1,17802.42,0
959,9960,15677783,Graham,764,Spain,Male,38,4,113607.47,1,1,0,91094.46,0
960,9961,15681026,Lucciano,795,Germany,Female,33,9,104552.72,1,1,1,120853.83,0
961,9962,15566543,Aldridge,573,Spain,Male,44,9,0,2,1,0,107124.17,0
962,9963,15594612,Flynn,702,Spain,Male,44,9,0,1,0,0,59207.41,0
963,9964,15814664,Scott,740,Germany,Male,33,2,126524.11,1,1,0,136869.31,0
964,9965,15642785,Douglas,479,France,Male,34,5,117593.48,2,0,0,113308.29,0
965,9966,15690164,Shao,627,Germany,Female,33,4,83199.05,1,0,0,159334.93,0
966,9967,15590213,Ch'en,479,Spain,Male,35,4,125920.98,1,1,1,20393.44,0
967,9968,15603794,Pugliesi,623,France,Male,48,5,118469.38,1,1,1,158590.25,0
968,9969,15733491,McGregor,512,Germany,Female,40,8,153537.57,2,0,0,23101.13,0
969,9970,15806360,Hou,609,France,Male,41,6,0,1,0,1,112585.19,0
970,9971,15587133,Thompson,518,France,Male,42,7,151027.05,2,1,0,119377.36,0
971,9972,15721377,Chou,833,France,Female,34,3,144751.81,1,0,0,166472.81,0
972,9973,15747927,Ch'in,758,France,Male,26,4,155739.76,1,1,0,171552.02,0
973,9974,15806455,Miller,611,France,Male,27,7,0,2,1,1,157474.1,0
974,9975,15695474,Barker,583,France,Male,33,7,122531.86,1,1,0,13549.24,0
975,9976,15666295,Smith,610,Germany,Male,50,1,113957.01,2,1,0,196526.55,0
976,9977,15656062,Azikiwe,637,France,Female,33,7,103377.81,1,1,0,84419.78,0
977,9978,15579969,Mancini,683,France,Female,32,9,0,2,1,1,24991.92,0
978,9979,15703563,P'eng,774,France,Male,40,9,93017.47,2,1,0,191608.97,0
979,9980,15692664,Diribe,677,France,Female,58,1,90022.85,1,0,1,2988.28,0
980,9981,15719276,T'ao,741,Spain,Male,35,6,74371.49,1,0,0,99595.67,0
981,9982,15672754,Burbidge,498,Germany,Male,42,3,152039.7,1,1,1,53445.17,0
982,9983,15768163,Griffin,655,Germany,Female,46,7,137145.12,1,1,0,115146.4,0
983,9984,15656710,Cocci,613,France,Male,40,4,0,1,0,0,151325.24,0
984,9985,15696175,Echezonachukwu,602,Germany,Male,35,7,90602.42,2,1,1,51695.41,0
985,9986,15586914,Nepean,659,France,Male,36,6,123841.49,2,1,0,96833,0
986,9987,15581736,Bartlett,673,Germany,Male,47,1,183579.54,2,0,1,34047.54,0
987,9988,15588839,Mancini,606,Spain,Male,30,8,180307.73,2,1,1,1914.41,0
988,9989,15589329,Pirozzi,775,France,Male,30,4,0,2,1,0,49337.84,0
989,9990,15605622,McMillan,841,Spain,Male,28,4,0,2,1,1,179436.6,0
990,9991,15798964,Nkemakonam,714,Germany,Male,33,3,35016.6,1,1,0,53667.08,0
991,9992,15769959,Ajuluchukwu,597,France,Female,53,4,88381.21,1,1,0,69384.71,1
992,9993,15657105,Chukwualuka,726,Spain,Male,36,2,0,1,1,0,195192.4,0
993,9994,15569266,Rahman,644,France,Male,28,7,155060.41,1,1,0,29179.52,0
994,9995,15719294,Wood,800,France,Female,29,2,0,2,0,0,167773.55,0
995,9996,15606229,Obijiaku,771,France,Male,39,5,0,2,1,0,96270.64,0
996,9997,15569892,Johnstone,516,France,Male,35,10,57369.61,1,1,1,101699.77,0
997,9998,15584532,Liu,709,France,Female,36,7,0,1,0,1,42085.58,0
998,9999,15682355,Sabbatini,772,Germany,Male,42,3,75075.31,2,1,0,92888.52,0
999,10000,15628319,Walker,792,France,Female,28,4,130142.79,1,1,0,38190.78,0
